watching 22 processes, threshold 3.0ms per 100ms window, 300s
18:52:17  BitwigPluginHos/bitwig-remote-p 5.8ms  |  BitwigStudio/X11RenderComman 5.3ms  |  BitwigStudio/BitwigStudio 3.1ms
18:52:17  BitwigStudio/X11RenderComman 5.1ms  |  BitwigPluginHos/bitwig-remote-p 4.5ms
18:52:17  BitwigPluginHos/bitwig-remote-p 5.3ms  |  BitwigStudio/X11RenderComman 5.0ms  |  BitwigPluginHos/bitwig-remote-p 4.2ms  |  BitwigPluginHos/bitwig-remote-p 4.2ms
18:52:17  BitwigStudio/X11RenderComman 5.2ms  |  BitwigStudio/BitwigStudio 3.8ms
18:52:17  BitwigStudio/X11RenderComman 5.6ms
18:52:17  BitwigPluginHos/bitwig-remote-p 6.0ms  |  BitwigStudio/X11RenderComman 5.5ms
18:52:18  BitwigStudio/X11RenderComman 5.7ms
18:52:18  BitwigPluginHos/bitwig-remote-p 6.0ms  |  BitwigStudio/X11RenderComman 5.1ms
18:52:18  BitwigStudio/X11RenderComman 5.0ms  |  BitwigPluginHos/bitwig-remote-p 4.4ms  |  BitwigPluginHos/bitwig-remote-p 4.0ms
18:52:18  BitwigPluginHos/bitwig-remote-p 7.1ms  |  BitwigStudio/X11RenderComman 5.5ms  |  yabridge-host.e/ProcessMonitor 3.3ms
18:52:18  BitwigStudio/X11RenderComman 5.6ms  |  BitwigPluginHos/bitwig-remote-p 5.5ms
18:52:18  BitwigStudio/X11RenderComman 5.5ms  |  BitwigPluginHos/bitwig-remote-p 5.0ms  |  yabridge-host.e/ProcessMonitor 3.1ms
18:52:18  BitwigStudio/X11RenderComman 5.2ms
18:52:18  BitwigStudio/X11RenderComman 6.1ms  |  BitwigStudio/BitwigStudio 3.2ms
18:52:18  BitwigStudio/X11RenderComman 6.0ms  |  yabridge-host.e/ProcessMonitor 3.6ms
18:52:19  BitwigStudio/X11RenderComman 4.8ms
18:52:19  BitwigStudio/X11RenderComman 6.2ms  |  BitwigPluginHos/bitwig-remote-p 5.8ms
18:52:19  BitwigStudio/X11RenderComman 5.6ms  |  BitwigPluginHos/bitwig-remote-p 3.6ms  |  yabridge-host.e/ProcessMonitor 3.2ms  |  BitwigStudio/BitwigStudio 3.0ms
18:52:19  BitwigStudio/X11RenderComman 5.2ms  |  BitwigStudio/BitwigStudio 3.3ms
18:52:19  BitwigStudio/X11RenderComman 6.3ms  |  BitwigPluginHos/bitwig-remote-p 5.0ms
18:52:19  BitwigPluginHos/bitwig-remote-p 6.9ms  |  BitwigStudio/X11RenderComman 6.0ms  |  BitwigPluginHos/bitwig-remote-p 3.3ms
18:52:19  BitwigPluginHos/bitwig-remote-p 5.9ms  |  BitwigStudio/X11RenderComman 5.6ms  |  BitwigPluginHos/bitwig-remote-p 5.1ms  |  BitwigPluginHos/bitwig-remote-p 3.2ms
18:52:19  BitwigPluginHos/bitwig-remote-p 7.3ms  |  BitwigStudio/X11RenderComman 5.5ms
18:52:19  BitwigPluginHos/bitwig-remote-p 6.0ms  |  BitwigStudio/X11RenderComman 5.6ms
18:52:19  BitwigPluginHos/bitwig-remote-p 6.7ms  |  BitwigStudio/X11RenderComman 5.0ms
18:52:20  BitwigPluginHos/bitwig-remote-p 6.2ms  |  BitwigStudio/X11RenderComman 5.9ms  |  BitwigStudio/BitwigStudio 3.1ms
18:52:20  BitwigStudio/X11RenderComman 5.4ms  |  BitwigPluginHos/bitwig-remote-p 3.3ms
18:52:20  BitwigPluginHos/bitwig-remote-p 5.6ms  |  BitwigStudio/X11RenderComman 5.4ms  |  BitwigPluginHos/bitwig-remote-p 3.2ms
18:52:20  BitwigPluginHos/bitwig-remote-p 6.9ms  |  BitwigStudio/X11RenderComman 6.0ms  |  BitwigStudio/BitwigStudio 3.5ms
18:52:20  BitwigStudio/X11RenderComman 5.6ms  |  BitwigStudio/BitwigStudio 3.8ms
18:52:20  BitwigStudio/X11RenderComman 5.3ms
18:52:20  BitwigStudio/X11RenderComman 6.1ms
18:52:20  BitwigPluginHos/bitwig-remote-p 6.0ms  |  BitwigStudio/X11RenderComman 5.8ms  |  BitwigStudio/BitwigStudio 3.8ms
18:52:20  BitwigPluginHos/bitwig-remote-p 6.7ms  |  BitwigStudio/X11RenderComman 5.5ms  |  yabridge-host.e/ProcessMonitor 3.2ms
18:52:21  BitwigStudio/X11RenderComman 5.5ms  |  BitwigPluginHos/bitwig-remote-p 4.2ms  |  BitwigStudio/BitwigStudio 3.3ms
18:52:21  BitwigStudio/X11RenderComman 5.7ms  |  yabridge-host.e/ProcessMonitor 3.2ms
18:52:21  BitwigStudio/X11RenderComman 5.1ms
18:52:21  BitwigStudio/X11RenderComman 5.6ms  |  BitwigStudio/BitwigStudio 3.0ms
18:52:21  BitwigStudio/X11RenderComman 5.8ms  |  yabridge-host.e/ProcessMonitor 3.6ms
18:52:21  BitwigPluginHos/bitwig-remote-p 7.2ms  |  BitwigStudio/X11RenderComman 5.9ms  |  BitwigPluginHos/bitwig-remote-p 3.6ms  |  BitwigPluginHos/bitwig-remote-p 3.1ms
18:52:21  BitwigPluginHos/bitwig-remote-p 6.5ms  |  BitwigStudio/X11RenderComman 4.8ms  |  BitwigStudio/BitwigStudio 3.2ms
18:52:21  BitwigPluginHos/bitwig-remote-p 6.4ms  |  BitwigStudio/X11RenderComman 5.5ms  |  yabridge-host.e/ProcessMonitor 4.0ms
18:52:21  BitwigPluginHos/bitwig-remote-p 7.1ms  |  BitwigStudio/X11RenderComman 5.7ms
18:52:21  BitwigPluginHos/bitwig-remote-p 6.7ms  |  BitwigStudio/X11RenderComman 4.9ms
18:52:22  BitwigStudio/X11RenderComman 5.5ms  |  BitwigStudio/BitwigStudio 3.4ms
18:52:22  BitwigPluginHos/bitwig-remote-p 6.3ms  |  BitwigStudio/X11RenderComman 5.0ms  |  BitwigPluginHos/bitwig-remote-p 3.2ms
18:52:22  BitwigPluginHos/bitwig-remote-p 7.2ms  |  BitwigStudio/X11RenderComman 4.8ms
18:52:22  BitwigPluginHos/bitwig-remote-p 5.8ms  |  BitwigStudio/X11RenderComman 5.1ms
18:52:22  BitwigStudio/X11RenderComman 5.2ms
18:52:22  BitwigStudio/X11RenderComman 4.9ms
18:52:22  BitwigStudio/X11RenderComman 5.3ms  |  BitwigPluginHos/bitwig-remote-p 3.1ms
18:52:22  BitwigStudio/X11RenderComman 5.4ms  |  BitwigPluginHos/bitwig-remote-p 4.1ms
18:52:22  BitwigPluginHos/bitwig-remote-p 6.6ms  |  BitwigStudio/X11RenderComman 5.1ms
18:52:23  BitwigPluginHos/bitwig-remote-p 6.6ms  |  BitwigStudio/X11RenderComman 5.3ms
18:52:23  BitwigPluginHos/bitwig-remote-p 7.2ms  |  BitwigStudio/X11RenderComman 6.1ms
18:52:23  BitwigPluginHos/bitwig-remote-p 6.7ms  |  BitwigStudio/X11RenderComman 4.7ms
18:52:23  BitwigPluginHos/bitwig-remote-p 6.6ms  |  BitwigStudio/X11RenderComman 5.7ms  |  BitwigStudio/BitwigStudio 3.6ms
18:52:23  BitwigPluginHos/bitwig-remote-p 6.5ms  |  BitwigStudio/X11RenderComman 6.1ms  |  yabridge-host.e/ProcessMonitor 3.3ms  |  BitwigStudio/BitwigStudio 3.1ms
18:52:23  BitwigPluginHos/bitwig-remote-p 7.2ms  |  BitwigStudio/X11RenderComman 5.1ms  |  BitwigStudio/BitwigStudio 4.0ms  |  yabridge-host.e/ProcessMonitor 3.2ms
18:52:23  BitwigPluginHos/bitwig-remote-p 6.9ms  |  BitwigStudio/X11RenderComman 5.6ms  |  BitwigStudio/BitwigStudio 4.7ms
18:52:23  BitwigPluginHos/bitwig-remote-p 5.5ms  |  BitwigStudio/X11RenderComman 5.5ms  |  BitwigStudio/BitwigStudio 3.0ms
18:52:23  BitwigStudio/X11RenderComman 5.0ms  |  BitwigPluginHos/bitwig-remote-p 4.5ms  |  yabridge-host.e/ProcessMonitor 3.1ms
18:52:24  BitwigStudio/X11RenderComman 6.9ms  |  BitwigPluginHos/bitwig-remote-p 5.2ms  |  yabridge-host.e/ProcessMonitor 3.3ms
18:52:24  BitwigStudio/X11RenderComman 5.6ms  |  BitwigPluginHos/bitwig-remote-p 3.8ms
18:52:24  BitwigStudio/X11RenderComman 4.9ms  |  yabridge-host.e/ProcessMonitor 3.2ms  |  BitwigStudio/BitwigStudio 3.1ms
18:52:24  BitwigStudio/X11RenderComman 5.3ms  |  BitwigStudio/BitwigStudio 3.1ms
18:52:24  BitwigStudio/X11RenderComman 5.6ms  |  BitwigStudio/BitwigStudio 3.1ms
18:52:24  BitwigPluginHos/bitwig-remote-p 5.4ms  |  BitwigStudio/X11RenderComman 5.2ms
18:52:24  BitwigStudio/X11RenderComman 5.5ms  |  BitwigPluginHos/bitwig-remote-p 3.2ms
18:52:24  BitwigStudio/X11RenderComman 6.0ms  |  BitwigPluginHos/bitwig-remote-p 3.3ms  |  BitwigStudio/BitwigStudio 3.2ms
18:52:24  BitwigPluginHos/bitwig-remote-p 6.1ms  |  BitwigStudio/X11RenderComman 5.3ms  |  BitwigStudio/BitwigStudio 3.1ms
18:52:24  BitwigPluginHos/bitwig-remote-p 6.9ms  |  BitwigStudio/X11RenderComman 5.6ms
18:52:25  BitwigStudio/X11RenderComman 5.4ms  |  BitwigPluginHos/bitwig-remote-p 5.3ms
18:52:25  BitwigStudio/X11RenderComman 5.9ms
18:52:25  BitwigStudio/X11RenderComman 5.6ms
18:52:25  BitwigPluginHos/bitwig-remote-p 6.5ms  |  BitwigStudio/X11RenderComman 5.7ms
18:52:25  BitwigStudio/X11RenderComman 7.0ms  |  BitwigPluginHos/bitwig-remote-p 6.5ms
18:52:25  BitwigPluginHos/bitwig-remote-p 7.2ms  |  BitwigStudio/X11RenderComman 5.8ms
18:52:25  BitwigPluginHos/bitwig-remote-p 7.1ms  |  BitwigStudio/X11RenderComman 5.2ms
18:52:25  BitwigPluginHos/bitwig-remote-p 6.8ms  |  BitwigStudio/X11RenderComman 5.9ms
18:52:25  BitwigStudio/X11RenderComman 5.1ms  |  BitwigPluginHos/bitwig-remote-p 3.7ms  |  yabridge-host.e/ProcessMonitor 3.3ms
18:52:26  BitwigStudio/X11RenderComman 5.6ms  |  BitwigPluginHos/bitwig-remote-p 3.1ms
18:52:26  BitwigStudio/X11RenderComman 5.4ms  |  yabridge-host.e/ProcessMonitor 3.2ms  |  BitwigStudio/BitwigStudio 3.0ms
18:52:26  BitwigStudio/X11RenderComman 5.3ms
18:52:26  BitwigStudio/X11RenderComman 6.9ms  |  BitwigStudio/BitwigStudio 3.0ms
18:52:26  BitwigStudio/X11RenderComman 6.0ms  |  yabridge-host.e/ProcessMonitor 3.3ms
18:52:26  BitwigStudio/X11RenderComman 5.9ms
18:52:26  BitwigStudio/X11RenderComman 5.6ms  |  BitwigStudio/BitwigStudio 3.1ms
18:52:26  BitwigStudio/X11RenderComman 5.9ms  |  yabridge-host.e/ProcessMonitor 3.3ms
18:52:26  BitwigStudio/X11RenderComman 4.7ms
18:52:26  BitwigStudio/X11RenderComman 5.9ms  |  BitwigStudio/BitwigStudio 3.2ms
18:52:27  BitwigStudio/X11RenderComman 6.0ms
18:52:27  BitwigStudio/X11RenderComman 5.2ms  |  BitwigStudio/BitwigStudio 3.1ms
18:52:27  BitwigStudio/X11RenderComman 5.9ms  |  BitwigStudio/BitwigStudio 3.2ms
18:52:27  BitwigStudio/X11RenderComman 5.1ms
18:52:27  BitwigStudio/X11RenderComman 4.8ms  |  BitwigPluginHos/bitwig-remote-p 3.4ms
18:52:27  BitwigStudio/X11RenderComman 5.1ms
18:52:27  BitwigStudio/X11RenderComman 5.3ms
18:52:27  BitwigStudio/X11RenderComman 5.3ms  |  BitwigPluginHos/bitwig-remote-p 3.6ms
18:52:27  BitwigPluginHos/bitwig-remote-p 6.5ms  |  BitwigStudio/X11RenderComman 4.8ms
18:52:28  BitwigPluginHos/bitwig-remote-p 5.9ms  |  BitwigStudio/X11RenderComman 5.5ms  |  BitwigStudio/BitwigStudio 3.2ms
18:52:28  BitwigStudio/X11RenderComman 5.9ms  |  BitwigStudio/BitwigStudio 3.5ms
18:52:28  BitwigStudio/X11RenderComman 4.6ms  |  BitwigStudio/BitwigStudio 3.0ms
18:52:28  BitwigStudio/X11RenderComman 5.3ms  |  BitwigStudio/BitwigStudio 3.4ms
18:52:28  BitwigStudio/X11RenderComman 5.4ms  |  yabridge-host.e/ProcessMonitor 3.0ms  |  BitwigStudio/BitwigStudio 3.0ms
18:52:28  BitwigStudio/X11RenderComman 4.7ms  |  BitwigStudio/C2 CompilerThre 3.8ms  |  BitwigStudio/BitwigStudio 3.0ms
18:52:28  BitwigStudio/X11RenderComman 4.9ms  |  yabridge-host.e/ProcessMonitor 3.1ms
18:52:28  BitwigStudio/X11RenderComman 5.1ms  |  yabridge-host.e/ProcessMonitor 3.5ms  |  BitwigPluginHos/bitwig-remote-p 3.1ms
18:52:28  BitwigStudio/C2 CompilerThre 8.2ms  |  BitwigStudio/X11RenderComman 4.7ms
18:52:28  BitwigStudio/X11RenderComman 5.4ms  |  BitwigStudio/C2 CompilerThre 5.0ms  |  BitwigStudio/C2 CompilerThre 4.9ms  |  yabridge-host.e/ProcessMonitor 3.2ms
18:52:29  BitwigStudio/X11RenderComman 5.7ms  |  BitwigPluginHos/bitwig-remote-p 3.2ms
18:52:29  BitwigPluginHos/bitwig-remote-p 6.0ms  |  BitwigStudio/X11RenderComman 5.7ms
18:52:29  BitwigStudio/X11RenderComman 5.5ms  |  yabridge-host.e/ProcessMonitor 3.2ms  |  BitwigPluginHos/bitwig-remote-p 3.1ms  |  BitwigStudio/BitwigStudio 3.1ms
18:52:29  BitwigStudio/X11RenderComman 5.6ms  |  BitwigStudio/BitwigStudio 3.0ms
18:52:29  BitwigStudio/X11RenderComman 5.3ms
18:52:29  BitwigPluginHos/bitwig-remote-p 6.2ms  |  BitwigStudio/X11RenderComman 6.0ms
18:52:29  BitwigStudio/X11RenderComman 5.6ms  |  BitwigPluginHos/bitwig-remote-p 4.3ms
18:52:29  BitwigStudio/C2 CompilerThre 8.4ms  |  BitwigStudio/X11RenderComman 5.8ms
18:52:29  BitwigStudio/X11RenderComman 5.9ms  |  BitwigPluginHos/bitwig-remote-p 3.5ms
18:52:30  BitwigPluginHos/bitwig-remote-p 6.7ms  |  BitwigStudio/X11RenderComman 5.9ms  |  BitwigStudio/BitwigStudio 3.3ms
18:52:30  BitwigStudio/X11RenderComman 5.8ms
18:52:30  BitwigStudio/X11RenderComman 5.0ms  |  BitwigStudio/BitwigStudio 3.5ms
18:52:30  BitwigStudio/X11RenderComman 6.2ms  |  BitwigPluginHos/bitwig-remote-p 5.0ms  |  BitwigPluginHos/bitwig-remote-p 3.3ms
18:52:30  BitwigStudio/X11RenderComman 6.2ms
18:52:30  BitwigPluginHos/bitwig-remote-p 6.4ms  |  BitwigStudio/X11RenderComman 5.1ms  |  BitwigStudio/BitwigStudio 3.6ms
18:52:30  BitwigStudio/X11RenderComman 5.3ms  |  BitwigPluginHos/bitwig-remote-p 4.8ms  |  BitwigStudio/BitwigStudio 3.7ms
18:52:30  BitwigPluginHos/bitwig-remote-p 6.4ms  |  BitwigStudio/X11RenderComman 5.0ms  |  BitwigStudio/BitwigStudio 4.1ms
18:52:30  BitwigPluginHos/bitwig-remote-p 6.4ms  |  BitwigStudio/X11RenderComman 5.2ms  |  BitwigStudio/C2 CompilerThre 4.9ms
18:52:30  BitwigStudio/ZWorkerOld#6 66.8ms  |  BitwigStudio/X11RenderComman 5.5ms  |  BitwigPluginHos/bitwig-remote-p 4.0ms  |  yabridge-host.e/ProcessMonitor 3.4ms
18:52:31  BitwigStudio/C2 CompilerThre 7.8ms  |  BitwigStudio/X11RenderComman 6.1ms  |  BitwigStudio/BitwigStudio 3.7ms  |  yabridge-host.e/ProcessMonitor 3.2ms
18:52:31  BitwigStudio/X11RenderComman 5.0ms  |  yabridge-host.e/ProcessMonitor 3.2ms
18:52:31  BitwigStudio/X11RenderComman 5.5ms
18:52:31  BitwigStudio/X11RenderComman 5.4ms  |  BitwigPluginHos/bitwig-remote-p 3.6ms  |  yabridge-host.e/ProcessMonitor 3.3ms  |  BitwigStudio/BitwigStudio 3.0ms
18:52:31  BitwigPluginHos/bitwig-remote-p 6.0ms  |  BitwigStudio/X11RenderComman 4.7ms  |  yabridge-host.e/ProcessMonitor 3.2ms
18:52:31  BitwigStudio/X11RenderComman 4.5ms
18:52:31  BitwigStudio/X11RenderComman 5.0ms  |  BitwigStudio/BitwigStudio 3.2ms
18:52:31  BitwigStudio/X11RenderComman 5.1ms
18:52:31  BitwigStudio/X11RenderComman 5.3ms  |  BitwigStudio/BitwigStudio 3.2ms
18:52:32  BitwigStudio/X11RenderComman 5.2ms
18:52:32  BitwigStudio/X11RenderComman 5.6ms  |  BitwigStudio/BitwigStudio 3.3ms
18:52:32  BitwigStudio/X11RenderComman 5.1ms
18:52:32  BitwigStudio/X11RenderComman 4.7ms
18:52:32  BitwigStudio/X11RenderComman 4.4ms  |  BitwigPluginHos/bitwig-remote-p 3.3ms  |  BitwigStudio/BitwigStudio 3.3ms
18:52:32  BitwigStudio/X11RenderComman 5.1ms  |  BitwigStudio/BitwigStudio 3.7ms
18:52:32  BitwigStudio/X11RenderComman 5.1ms  |  BitwigStudio/BitwigStudio 3.5ms
18:52:32  BitwigStudio/X11RenderComman 3.9ms
18:52:32  BitwigPluginHos/bitwig-remote-p 5.3ms  |  BitwigStudio/X11RenderComman 5.0ms  |  BitwigStudio/BitwigStudio 3.7ms
18:52:32  BitwigPluginHos/bitwig-remote-p 6.6ms  |  BitwigStudio/X11RenderComman 5.3ms
18:52:33  BitwigPluginHos/bitwig-remote-p 5.0ms  |  BitwigStudio/X11RenderComman 4.4ms  |  BitwigStudio/BitwigStudio 3.3ms
18:52:33  BitwigStudio/X11RenderComman 4.4ms  |  BitwigPluginHos/bitwig-remote-p 4.3ms  |  BitwigStudio/BitwigStudio 4.0ms
18:52:33  BitwigStudio/X11RenderComman 4.8ms
18:52:33  BitwigStudio/X11RenderComman 4.8ms  |  yabridge-host.e/ProcessMonitor 3.3ms
18:52:33  BitwigStudio/X11RenderComman 4.7ms
18:52:33  BitwigPluginHos/bitwig-remote-p 5.8ms  |  BitwigStudio/X11RenderComman 3.7ms  |  yabridge-host.e/ProcessMonitor 3.1ms
18:52:33  BitwigPluginHos/bitwig-remote-p 5.7ms  |  BitwigStudio/X11RenderComman 3.9ms  |  yabridge-host.e/ProcessMonitor 3.1ms
18:52:33  BitwigPluginHos/bitwig-remote-p 6.1ms  |  BitwigStudio/X11RenderComman 3.7ms
18:52:33  BitwigPluginHos/bitwig-remote-p 6.0ms  |  BitwigStudio/X11RenderComman 3.4ms  |  yabridge-host.e/ProcessMonitor 3.0ms
18:52:34  BitwigPluginHos/bitwig-remote-p 6.5ms  |  BitwigStudio/X11RenderComman 4.4ms  |  BitwigStudio/BitwigStudio 3.3ms
18:52:34  BitwigPluginHos/bitwig-remote-p 5.9ms  |  BitwigStudio/X11RenderComman 5.0ms  |  BitwigStudio/BitwigStudio 3.6ms
18:52:34  BitwigPluginHos/bitwig-remote-p 5.5ms  |  BitwigStudio/X11RenderComman 3.4ms  |  yabridge-host.e/ProcessMonitor 3.1ms
18:52:34  BitwigStudio/X11RenderComman 3.8ms
18:52:34  BitwigStudio/X11RenderComman 3.8ms
18:52:34  BitwigPluginHos/bitwig-remote-p 5.1ms  |  BitwigStudio/X11RenderComman 3.7ms
18:52:34  BitwigPluginHos/bitwig-remote-p 6.4ms  |  BitwigStudio/X11RenderComman 5.3ms
18:52:34  BitwigPluginHos/bitwig-remote-p 5.1ms  |  BitwigStudio/X11RenderComman 4.8ms
18:52:34  BitwigStudio/X11RenderComman 4.2ms
18:52:34  BitwigStudio/X11RenderComman 4.7ms  |  BitwigPluginHos/bitwig-remote-p 4.0ms  |  BitwigPluginHos/bitwig-remote-p 3.4ms
18:52:35  BitwigPluginHos/bitwig-remote-p 6.3ms  |  BitwigStudio/X11RenderComman 5.1ms
18:52:35  BitwigPluginHos/bitwig-remote-p 5.9ms  |  BitwigPluginHos/bitwig-remote-p 5.7ms  |  BitwigStudio/X11RenderComman 4.6ms
18:52:35  BitwigPluginHos/bitwig-remote-p 6.4ms  |  BitwigPluginHos/bitwig-remote-p 6.0ms  |  BitwigStudio/X11RenderComman 4.8ms  |  BitwigStudio/BitwigStudio 3.1ms
18:52:35  BitwigPluginHos/bitwig-remote-p 6.6ms  |  BitwigStudio/X11RenderComman 3.9ms
18:52:35  BitwigPluginHos/bitwig-remote-p 6.7ms  |  BitwigStudio/X11RenderComman 4.5ms  |  BitwigPluginHos/bitwig-remote-p 3.6ms
18:52:35  BitwigPluginHos/bitwig-remote-p 7.0ms  |  BitwigPluginHos/bitwig-remote-p 6.3ms  |  BitwigStudio/X11RenderComman 4.8ms
18:52:35  BitwigPluginHos/bitwig-remote-p 5.4ms  |  BitwigStudio/X11RenderComman 4.7ms
18:52:35  BitwigPluginHos/bitwig-remote-p 6.2ms  |  BitwigStudio/X11RenderComman 4.5ms
18:52:35  BitwigStudio/X11RenderComman 4.7ms  |  yabridge-host.e/ProcessMonitor 3.1ms
18:52:36  BitwigPluginHos/bitwig-remote-p 5.0ms  |  BitwigStudio/X11RenderComman 4.7ms
18:52:36  BitwigStudio/X11RenderComman 4.2ms  |  yabridge-host.e/ProcessMonitor 3.4ms
18:52:36  BitwigPluginHos/bitwig-remote-p 6.1ms  |  BitwigStudio/X11RenderComman 4.4ms  |  yabridge-host.e/ProcessMonitor 3.2ms
18:52:36  BitwigPluginHos/bitwig-remote-p 6.7ms  |  BitwigStudio/X11RenderComman 4.6ms
18:52:36  BitwigStudio/X11RenderComman 5.1ms  |  BitwigPluginHos/bitwig-remote-p 4.6ms  |  BitwigPluginHos/bitwig-remote-p 3.4ms  |  yabridge-host.e/ProcessMonitor 3.1ms
18:52:36  BitwigStudio/X11RenderComman 5.7ms  |  BitwigPluginHos/bitwig-remote-p 3.2ms
18:52:36  BitwigStudio/X11RenderComman 4.7ms
18:52:36  BitwigPluginHos/bitwig-remote-p 5.1ms  |  BitwigStudio/X11RenderComman 5.0ms  |  yabridge-host.e/ProcessMonitor 3.7ms  |  BitwigStudio/BitwigStudio 3.1ms
18:52:36  BitwigStudio/X11RenderComman 5.1ms  |  BitwigPluginHos/bitwig-remote-p 4.3ms
18:52:36  BitwigPluginHos/bitwig-remote-p 6.4ms  |  BitwigStudio/X11RenderComman 6.0ms  |  BitwigPluginHos/bitwig-remote-p 3.6ms
18:52:37  BitwigStudio/X11RenderComman 5.2ms  |  BitwigPluginHos/bitwig-remote-p 5.0ms
18:52:37  BitwigPluginHos/bitwig-remote-p 6.3ms  |  BitwigStudio/X11RenderComman 5.3ms
18:52:37  BitwigStudio/X11RenderComman 5.7ms  |  BitwigPluginHos/bitwig-remote-p 4.5ms  |  BitwigPluginHos/bitwig-remote-p 3.1ms
18:52:37  BitwigStudio/X11RenderComman 6.1ms  |  BitwigStudio/BitwigStudio 3.1ms
18:52:37  BitwigStudio/X11RenderComman 4.8ms
18:52:37  BitwigStudio/X11RenderComman 5.5ms
18:52:37  BitwigPluginHos/bitwig-remote-p 6.3ms  |  BitwigStudio/X11RenderComman 6.3ms
18:52:37  BitwigStudio/X11RenderComman 5.7ms  |  BitwigStudio/BitwigStudio 3.7ms
18:52:37  BitwigStudio/X11RenderComman 5.6ms  |  BitwigStudio/BitwigStudio 3.7ms
18:52:38  BitwigStudio/X11RenderComman 5.4ms  |  BitwigStudio/BitwigStudio 4.4ms
18:52:38  BitwigStudio/X11RenderComman 5.9ms
18:52:38  BitwigStudio/X11RenderComman 4.9ms  |  yabridge-host.e/worker 3.5ms
18:52:38  BitwigStudio/X11RenderComman 4.9ms  |  yabridge-host.e/worker 3.3ms
18:52:38  BitwigStudio/X11RenderComman 5.7ms  |  yabridge-host.e/ProcessMonitor 3.8ms  |  yabridge-host.e/worker 3.4ms
18:52:38  BitwigStudio/X11RenderComman 5.2ms  |  yabridge-host.e/audio 3.0ms
18:52:38  BitwigStudio/X11RenderComman 6.3ms  |  BitwigPluginHos/bitwig-remote-p 5.1ms  |  yabridge-host.e/audio 4.3ms  |  yabridge-host.e/ProcessMonitor 3.2ms
18:52:38  BitwigStudio/X11RenderComman 6.1ms  |  BitwigPluginHos/bitwig-remote-p 6.0ms
18:52:38  BitwigStudio/X11RenderComman 5.1ms  |  yabridge-host.e/ProcessMonitor 3.8ms
18:52:39  BitwigStudio/X11RenderComman 4.9ms  |  yabridge-host.e/audio 3.2ms  |  yabridge-host.e/ProcessMonitor 3.0ms
18:52:39  BitwigStudio/X11RenderComman 4.8ms  |  BitwigPluginHos/bitwig-remote-p 3.9ms  |  BitwigPluginHos/bitwig-remote-p 3.2ms
18:52:39  BitwigPluginHos/bitwig-remote-p 6.3ms  |  BitwigStudio/X11RenderComman 4.9ms
18:52:39  BitwigPluginHos/bitwig-remote-p 6.3ms  |  BitwigStudio/X11RenderComman 6.1ms  |  yabridge-host.e/audio 3.5ms  |  yabridge-host.e/ProcessMonitor 3.2ms
18:52:39  BitwigPluginHos/bitwig-remote-p 6.6ms  |  BitwigStudio/X11RenderComman 5.7ms  |  yabridge-host.e/audio 3.2ms
18:52:39  BitwigStudio/X11RenderComman 4.5ms  |  BitwigPluginHos/bitwig-remote-p 3.3ms
18:52:39  BitwigPluginHos/bitwig-remote-p 6.9ms  |  BitwigStudio/X11RenderComman 5.5ms
18:52:39  BitwigPluginHos/bitwig-remote-p 5.1ms  |  BitwigStudio/X11RenderComman 4.8ms
18:52:39  BitwigStudio/X11RenderComman 4.1ms
18:52:39  BitwigStudio/X11RenderComman 5.4ms
18:52:40  BitwigStudio/X11RenderComman 5.2ms
18:52:40  BitwigStudio/X11RenderComman 5.3ms
18:52:40  BitwigStudio/X11RenderComman 4.9ms
18:52:40  BitwigStudio/X11RenderComman 5.2ms  |  BitwigPluginHos/bitwig-remote-p 4.3ms  |  BitwigPluginHos/bitwig-remote-p 3.6ms
18:52:40  BitwigPluginHos/bitwig-remote-p 6.4ms  |  BitwigStudio/X11RenderComman 4.8ms  |  BitwigPluginHos/bitwig-remote-p 3.0ms
18:52:40  BitwigPluginHos/bitwig-remote-p 6.0ms  |  BitwigStudio/X11RenderComman 5.5ms  |  BitwigPluginHos/bitwig-remote-p 3.9ms
18:52:40  BitwigPluginHos/bitwig-remote-p 5.9ms  |  BitwigStudio/X11RenderComman 4.6ms  |  yabridge-host.e/audio 3.8ms  |  BitwigStudio/BitwigStudio 3.4ms
18:52:40  BitwigStudio/X11RenderComman 4.9ms
18:52:40  BitwigStudio/X11RenderComman 4.7ms  |  yabridge-host.e/audio 3.1ms
18:52:41  BitwigStudio/X11RenderComman 6.2ms  |  yabridge-host.e/ProcessMonitor 3.2ms
18:52:41  BitwigStudio/X11RenderComman 5.1ms  |  BitwigStudio/BitwigStudio 3.3ms  |  yabridge-host.e/ProcessMonitor 3.1ms
18:52:41  BitwigStudio/X11RenderComman 5.0ms  |  BitwigPluginHos/bitwig-remote-p 3.8ms  |  yabridge-host.e/ProcessMonitor 3.2ms  |  BitwigStudio/BitwigStudio 3.0ms
18:52:41  BitwigStudio/X11RenderComman 4.8ms  |  yabridge-host.e/audio 3.6ms  |  yabridge-host.e/worker 3.4ms
18:52:41  BitwigPluginHos/bitwig-remote-p 5.8ms  |  BitwigStudio/X11RenderComman 5.2ms  |  yabridge-host.e/ProcessMonitor 4.2ms
18:52:41  BitwigStudio/X11RenderComman 4.8ms  |  yabridge-host.e/ProcessMonitor 3.4ms
18:52:41  BitwigPluginHos/bitwig-remote-p 6.0ms  |  BitwigStudio/X11RenderComman 5.0ms  |  yabridge-host.e/audio 3.3ms  |  BitwigPluginHos/bitwig-remote-p 3.0ms
18:52:41  BitwigPluginHos/bitwig-remote-p 5.3ms  |  BitwigStudio/X11RenderComman 5.1ms  |  yabridge-host.e/ProcessMonitor 3.6ms
18:52:41  BitwigPluginHos/bitwig-remote-p 5.4ms  |  BitwigStudio/X11RenderComman 5.1ms  |  BitwigStudio/BitwigStudio 3.3ms
18:52:41  BitwigStudio/X11RenderComman 5.0ms  |  yabridge-host.e/worker 3.4ms
18:52:42  BitwigStudio/X11RenderComman 4.9ms  |  yabridge-host.e/worker 3.7ms  |  BitwigStudio/BitwigStudio 3.0ms
18:52:42  BitwigStudio/X11RenderComman 5.0ms  |  yabridge-host.e/worker 3.3ms  |  yabridge-host.e/audio 3.1ms
18:52:42  BitwigStudio/X11RenderComman 5.3ms  |  BitwigPluginHos/bitwig-remote-p 4.0ms  |  yabridge-host.e/audio 3.2ms
18:52:42  BitwigPluginHos/bitwig-remote-p 6.4ms  |  BitwigStudio/X11RenderComman 5.0ms  |  yabridge-host.e/audio 4.2ms  |  yabridge-host.e/audio 3.3ms
18:52:42  BitwigPluginHos/bitwig-remote-p 5.5ms  |  BitwigStudio/X11RenderComman 4.9ms  |  yabridge-host.e/audio 3.4ms
18:52:42  BitwigStudio/X11RenderComman 5.5ms
18:52:42  BitwigStudio/X11RenderComman 5.2ms  |  yabridge-host.e/audio 3.1ms
18:52:42  BitwigPluginHos/bitwig-remote-p 5.4ms  |  BitwigStudio/X11RenderComman 4.6ms  |  yabridge-host.e/audio 3.4ms
18:52:42  BitwigStudio/X11RenderComman 5.2ms  |  yabridge-host.e/audio 4.0ms  |  BitwigPluginHos/bitwig-remote-p 3.9ms
18:52:43  BitwigPluginHos/bitwig-remote-p 5.3ms  |  BitwigStudio/X11RenderComman 5.1ms
18:52:43  BitwigStudio/X11RenderComman 5.2ms  |  BitwigPluginHos/bitwig-remote-p 4.6ms
18:52:43  BitwigStudio/X11RenderComman 6.1ms  |  BitwigPluginHos/bitwig-remote-p 5.8ms
18:52:43  BitwigStudio/X11RenderComman 5.4ms  |  BitwigPluginHos/bitwig-remote-p 3.9ms
18:52:43  BitwigPluginHos/bitwig-remote-p 6.3ms  |  BitwigStudio/X11RenderComman 6.2ms  |  yabridge-host.e/ProcessMonitor 3.3ms
18:52:43  BitwigPluginHos/bitwig-remote-p 5.7ms  |  BitwigStudio/X11RenderComman 5.3ms
18:52:43  BitwigPluginHos/bitwig-remote-p 5.2ms  |  BitwigStudio/X11RenderComman 4.8ms  |  BitwigPluginHos/bitwig-remote-p 4.1ms  |  yabridge-host.e/audio 3.2ms
18:52:43  BitwigStudio/X11RenderComman 5.4ms  |  yabridge-host.e/audio 3.2ms  |  yabridge-host.e/ProcessMonitor 3.2ms  |  BitwigStudio/BitwigStudio 3.1ms
18:52:43  BitwigPluginHos/bitwig-remote-p 5.7ms  |  BitwigStudio/X11RenderComman 4.8ms  |  yabridge-host.e/audio 3.2ms
18:52:43  BitwigStudio/X11RenderComman 5.2ms  |  BitwigPluginHos/bitwig-remote-p 4.8ms  |  yabridge-host.e/audio 3.3ms  |  yabridge-host.e/ProcessMonitor 3.2ms
18:52:44  BitwigStudio/X11RenderComman 5.2ms  |  yabridge-host.e/audio 3.1ms
18:52:44  BitwigStudio/X11RenderComman 4.6ms
18:52:44  BitwigStudio/X11RenderComman 5.1ms  |  yabridge-host.e/ProcessMonitor 3.1ms
18:52:44  BitwigStudio/X11RenderComman 5.1ms  |  yabridge-host.e/worker 3.1ms
18:52:44  BitwigStudio/X11RenderComman 4.3ms  |  yabridge-host.e/worker 4.0ms
18:52:44  BitwigStudio/X11RenderComman 6.8ms  |  yabridge-host.e/worker 3.6ms
18:52:44  BitwigStudio/X11RenderComman 5.4ms  |  yabridge-host.e/audio 3.7ms  |  BitwigStudio/BitwigStudio 3.3ms
18:52:44  BitwigStudio/X11RenderComman 4.9ms
18:52:44  BitwigStudio/X11RenderComman 5.0ms
18:52:45  BitwigStudio/X11RenderComman 4.8ms
18:52:45  BitwigStudio/X11RenderComman 4.2ms  |  BitwigPluginHos/bitwig-remote-p 3.4ms
18:52:45  BitwigPluginHos/bitwig-remote-p 6.3ms  |  BitwigPluginHos/bitwig-remote-p 6.1ms  |  BitwigStudio/X11RenderComman 5.1ms  |  BitwigPluginHos/bitwig-remote-p 4.5ms
18:52:45  BitwigPluginHos/bitwig-remote-p 6.7ms  |  BitwigPluginHos/bitwig-remote-p 6.1ms  |  BitwigPluginHos/bitwig-remote-p 5.7ms  |  BitwigStudio/X11RenderComman 5.5ms
18:52:45  BitwigPluginHos/bitwig-remote-p 6.6ms  |  BitwigPluginHos/bitwig-remote-p 4.9ms  |  BitwigStudio/X11RenderComman 4.5ms  |  BitwigPluginHos/bitwig-remote-p 4.4ms
18:52:45  BitwigPluginHos/bitwig-remote-p 6.7ms  |  BitwigStudio/X11RenderComman 5.7ms
18:52:45  BitwigPluginHos/bitwig-remote-p 6.1ms  |  BitwigStudio/X11RenderComman 5.3ms  |  BitwigStudio/BitwigStudio 3.2ms
18:52:45  BitwigStudio/X11RenderComman 5.0ms  |  BitwigPluginHos/bitwig-remote-p 4.6ms  |  BitwigAudioEngi/data-loop.0 4.3ms
18:52:45  BitwigPluginHos/bitwig-remote-p 6.2ms  |  BitwigStudio/X11RenderComman 5.9ms  |  yabridge-host.e/audio 3.2ms  |  BitwigStudio/BitwigStudio 3.1ms
18:52:45  BitwigPluginHos/bitwig-remote-p 6.4ms  |  BitwigStudio/X11RenderComman 5.4ms  |  BitwigStudio/BitwigStudio 3.2ms  |  yabridge-host.e/ProcessMonitor 3.1ms
18:52:46  BitwigPluginHos/bitwig-remote-p 6.5ms  |  BitwigStudio/X11RenderComman 5.2ms  |  BitwigStudio/BitwigStudio 3.4ms
18:52:46  BitwigPluginHos/bitwig-remote-p 6.8ms  |  BitwigStudio/X11RenderComman 5.5ms  |  yabridge-host.e/ProcessMonitor 3.3ms  |  yabridge-host.e/ProcessMonitor 3.1ms
18:52:46  BitwigPluginHos/bitwig-remote-p 6.8ms  |  BitwigStudio/X11RenderComman 5.9ms
18:52:46  BitwigPluginHos/bitwig-remote-p 6.8ms  |  BitwigStudio/X11RenderComman 5.2ms  |  BitwigPluginHos/bitwig-remote-p 4.0ms
18:52:46  BitwigPluginHos/bitwig-remote-p 7.0ms  |  BitwigStudio/X11RenderComman 5.3ms  |  yabridge-host.e/ProcessMonitor 3.3ms  |  BitwigStudio/BitwigStudio 3.1ms
18:52:46  BitwigPluginHos/bitwig-remote-p 6.2ms  |  BitwigStudio/X11RenderComman 5.6ms  |  BitwigPluginHos/bitwig-remote-p 4.0ms
18:52:46  BitwigStudio/X11RenderComman 5.1ms
18:52:46  BitwigStudio/X11RenderComman 5.3ms  |  BitwigPluginHos/bitwig-remote-p 3.6ms  |  yabridge-host.e/ProcessMonitor 3.2ms
18:52:46  BitwigStudio/X11RenderComman 5.7ms  |  BitwigPluginHos/bitwig-remote-p 4.8ms  |  yabridge-host.e/audio 3.3ms
18:52:47  BitwigStudio/X11RenderComman 5.3ms  |  yabridge-host.e/audio 3.3ms
18:52:47  BitwigStudio/X11RenderComman 5.5ms  |  BitwigStudio/BitwigStudio 3.0ms
18:52:47  BitwigStudio/X11RenderComman 4.7ms
18:52:47  BitwigPluginHos/bitwig-remote-p 6.9ms  |  BitwigStudio/X11RenderComman 6.5ms  |  BitwigStudio/BitwigStudio 3.2ms
18:52:47  BitwigStudio/X11RenderComman 5.8ms
18:52:47  BitwigStudio/X11RenderComman 4.8ms
18:52:47  BitwigStudio/X11RenderComman 4.9ms
18:52:47  BitwigStudio/X11RenderComman 4.7ms  |  yabridge-host.e/audio 3.1ms
18:52:47  BitwigStudio/X11RenderComman 5.2ms
18:52:47  BitwigStudio/X11RenderComman 5.1ms
18:52:48  BitwigStudio/X11RenderComman 5.1ms
18:52:48  BitwigStudio/X11RenderComman 4.9ms
18:52:48  BitwigPluginHos/bitwig-remote-p 6.2ms  |  BitwigStudio/X11RenderComman 4.7ms
18:52:48  BitwigPluginHos/bitwig-remote-p 6.4ms  |  BitwigStudio/X11RenderComman 5.0ms
18:52:48  BitwigPluginHos/bitwig-remote-p 6.5ms  |  BitwigStudio/X11RenderComman 5.4ms  |  yabridge-host.e/ProcessMonitor 3.1ms
18:52:48  BitwigPluginHos/bitwig-remote-p 6.4ms  |  BitwigStudio/X11RenderComman 5.5ms  |  yabridge-host.e/ProcessMonitor 3.5ms  |  BitwigStudio/BitwigStudio 3.3ms
18:52:48  BitwigStudio/X11RenderComman 5.8ms
18:52:48  BitwigStudio/X11RenderComman 5.1ms
18:52:48  BitwigStudio/ZWorkerOld#5 22.6ms  |  BitwigStudio/X11RenderComman 5.8ms  |  BitwigPluginHos/bitwig-remote-p 3.7ms  |  BitwigStudio/BitwigStudio 3.5ms
18:52:49  BitwigStudio/ZWorkerOld#5 44.2ms  |  BitwigStudio/X11RenderComman 6.0ms  |  yabridge-host.e/ProcessMonitor 3.7ms  |  BitwigStudio/BitwigStudio 3.4ms
18:52:49  BitwigStudio/X11RenderComman 4.8ms  |  BitwigPluginHos/bitwig-remote-p 3.6ms
18:52:49  BitwigStudio/X11RenderComman 5.3ms  |  BitwigPluginHos/bitwig-remote-p 5.2ms  |  yabridge-host.e/ProcessMonitor 3.3ms
18:52:49  BitwigStudio/X11RenderComman 5.4ms
18:52:49  BitwigPluginHos/bitwig-remote-p 5.3ms  |  BitwigPluginHos/bitwig-remote-p 5.2ms  |  BitwigPluginHos/bitwig-remote-p 5.2ms  |  BitwigStudio/X11RenderComman 4.9ms
18:52:49  BitwigPluginHos/bitwig-remote-p 7.0ms  |  BitwigPluginHos/bitwig-remote-p 7.0ms  |  BitwigPluginHos/bitwig-remote-p 6.1ms  |  BitwigStudio/X11RenderComman 4.8ms
18:52:49  BitwigPluginHos/bitwig-remote-p 6.5ms  |  BitwigPluginHos/bitwig-remote-p 6.0ms  |  BitwigStudio/X11RenderComman 4.8ms  |  BitwigPluginHos/bitwig-remote-p 4.6ms
18:52:49  BitwigStudio/X11RenderComman 5.4ms  |  BitwigPluginHos/bitwig-remote-p 4.8ms
18:52:49  BitwigPluginHos/bitwig-remote-p 7.2ms  |  BitwigPluginHos/bitwig-remote-p 7.1ms  |  BitwigPluginHos/bitwig-remote-p 6.5ms  |  BitwigStudio/X11RenderComman 4.2ms
18:52:49  BitwigPluginHos/bitwig-remote-p 7.1ms  |  BitwigPluginHos/bitwig-remote-p 6.6ms  |  BitwigPluginHos/bitwig-remote-p 5.4ms  |  BitwigStudio/X11RenderComman 4.7ms
18:52:50  BitwigPluginHos/bitwig-remote-p 6.8ms  |  BitwigPluginHos/bitwig-remote-p 6.7ms  |  BitwigPluginHos/bitwig-remote-p 6.6ms  |  BitwigStudio/X11RenderComman 5.6ms
18:52:50  BitwigPluginHos/bitwig-remote-p 6.5ms  |  BitwigPluginHos/bitwig-remote-p 6.3ms  |  BitwigPluginHos/bitwig-remote-p 6.0ms  |  BitwigStudio/X11RenderComman 5.0ms
18:52:50  BitwigPluginHos/bitwig-remote-p 6.9ms  |  BitwigPluginHos/bitwig-remote-p 6.4ms  |  BitwigStudio/X11RenderComman 5.3ms  |  BitwigPluginHos/bitwig-remote-p 3.2ms
18:52:50  BitwigPluginHos/bitwig-remote-p 6.5ms  |  BitwigPluginHos/bitwig-remote-p 6.0ms  |  BitwigStudio/X11RenderComman 5.2ms  |  BitwigPluginHos/bitwig-remote-p 3.4ms
18:52:50  BitwigPluginHos/bitwig-remote-p 6.3ms  |  BitwigPluginHos/bitwig-remote-p 5.6ms  |  BitwigStudio/X11RenderComman 5.2ms  |  BitwigPluginHos/bitwig-remote-p 3.0ms
18:52:50  BitwigPluginHos/bitwig-remote-p 7.4ms  |  BitwigPluginHos/bitwig-remote-p 7.2ms  |  BitwigStudio/X11RenderComman 4.8ms
18:52:50  BitwigPluginHos/bitwig-remote-p 7.3ms  |  BitwigPluginHos/bitwig-remote-p 7.0ms  |  BitwigStudio/X11RenderComman 5.2ms  |  BitwigStudio/BitwigStudio 3.4ms
18:52:50  BitwigPluginHos/bitwig-remote-p 7.6ms  |  BitwigStudio/X11RenderComman 5.8ms  |  BitwigPluginHos/bitwig-remote-p 5.2ms  |  yabridge-host.e/worker 3.1ms
18:52:50  BitwigStudio/X11RenderComman 5.2ms  |  BitwigPluginHos/bitwig-remote-p 4.9ms  |  yabridge-host.e/ProcessMonitor 3.4ms  |  BitwigPluginHos/bitwig-remote-p 3.3ms
18:52:51  BitwigStudio/X11RenderComman 5.4ms  |  BitwigPluginHos/bitwig-remote-p 4.5ms
18:52:51  BitwigPluginHos/bitwig-remote-p 6.6ms  |  BitwigStudio/X11RenderComman 5.1ms  |  yabridge-host.e/ProcessMonitor 3.2ms
18:52:51  BitwigStudio/X11RenderComman 4.7ms  |  yabridge-host.e/ProcessMonitor 3.2ms
18:52:51  BitwigStudio/X11RenderComman 5.2ms  |  BitwigPluginHos/bitwig-remote-p 3.8ms
18:52:51  BitwigStudio/X11RenderComman 4.5ms  |  yabridge-host.e/ProcessMonitor 3.2ms
18:52:51  BitwigStudio/X11RenderComman 5.0ms  |  yabridge-host.e/ProcessMonitor 3.1ms
18:52:51  BitwigStudio/X11RenderComman 5.6ms
18:52:51  BitwigStudio/X11RenderComman 4.9ms  |  yabridge-host.e/ProcessMonitor 4.0ms
18:52:51  BitwigStudio/X11RenderComman 4.6ms  |  BitwigPluginHos/bitwig-remote-p 3.5ms
18:52:52  BitwigPluginHos/bitwig-remote-p 5.6ms  |  BitwigPluginHos/bitwig-remote-p 5.4ms  |  BitwigStudio/X11RenderComman 5.2ms
18:52:52  BitwigPluginHos/bitwig-remote-p 6.7ms  |  BitwigPluginHos/bitwig-remote-p 6.0ms  |  BitwigStudio/X11RenderComman 5.2ms
18:52:52  BitwigPluginHos/bitwig-remote-p 5.8ms  |  BitwigPluginHos/bitwig-remote-p 5.0ms  |  BitwigStudio/X11RenderComman 4.5ms  |  BitwigStudio/BitwigStudio 3.0ms
18:52:52  BitwigPluginHos/bitwig-remote-p 6.0ms  |  BitwigStudio/X11RenderComman 5.4ms  |  BitwigStudio/BitwigStudio 3.3ms  |  BitwigPluginHos/bitwig-remote-p 3.2ms
18:52:52  BitwigPluginHos/bitwig-remote-p 5.3ms  |  BitwigStudio/X11RenderComman 5.2ms  |  BitwigPluginHos/bitwig-remote-p 3.1ms
18:52:52  BitwigPluginHos/bitwig-remote-p 5.1ms  |  BitwigStudio/X11RenderComman 4.8ms  |  BitwigPluginHos/bitwig-remote-p 3.2ms
18:52:52  BitwigStudio/X11RenderComman 4.9ms  |  BitwigPluginHos/bitwig-remote-p 4.7ms  |  BitwigPluginHos/bitwig-remote-p 3.9ms  |  BitwigPluginHos/bitwig-remote-p 3.8ms
18:52:52  BitwigPluginHos/bitwig-remote-p 6.0ms  |  BitwigStudio/X11RenderComman 5.1ms  |  BitwigPluginHos/bitwig-remote-p 4.4ms
18:52:52  BitwigPluginHos/bitwig-remote-p 6.1ms  |  BitwigStudio/X11RenderComman 4.9ms  |  BitwigPluginHos/bitwig-remote-p 4.4ms  |  BitwigPluginHos/bitwig-remote-p 3.6ms
18:52:52  BitwigStudio/X11RenderComman 5.2ms  |  BitwigPluginHos/bitwig-remote-p 4.9ms
18:52:53  BitwigPluginHos/bitwig-remote-p 6.1ms  |  BitwigStudio/X11RenderComman 4.8ms
18:52:53  BitwigPluginHos/bitwig-remote-p 6.8ms  |  BitwigStudio/X11RenderComman 5.6ms  |  BitwigPluginHos/bitwig-remote-p 5.5ms  |  BitwigStudio/BitwigStudio 3.0ms
18:52:53  BitwigStudio/X11RenderComman 5.2ms
18:52:53  BitwigStudio/X11RenderComman 4.6ms
18:52:53  BitwigStudio/X11RenderComman 5.0ms
18:52:53  BitwigStudio/X11RenderComman 5.4ms  |  BitwigStudio/BitwigStudio 3.3ms  |  BitwigPluginHos/bitwig-remote-p 3.0ms
18:52:53  BitwigStudio/X11RenderComman 4.2ms  |  yabridge-host.e/ProcessMonitor 3.8ms
18:52:53  BitwigStudio/X11RenderComman 5.2ms  |  yabridge-host.e/ProcessMonitor 3.2ms
18:52:53  BitwigStudio/X11RenderComman 5.3ms  |  yabridge-host.e/audio 3.0ms
18:52:54  BitwigStudio/X11RenderComman 4.3ms  |  yabridge-host.e/audio 3.6ms  |  yabridge-host.e/ProcessMonitor 3.4ms  |  yabridge-host.e/ProcessMonitor 3.1ms
18:52:54  BitwigStudio/X11RenderComman 5.2ms
18:52:54  BitwigStudio/X11RenderComman 5.1ms
18:52:54  BitwigStudio/X11RenderComman 4.6ms  |  yabridge-host.e/ProcessMonitor 3.4ms
18:52:54  BitwigStudio/X11RenderComman 4.8ms
18:52:54  BitwigStudio/X11RenderComman 5.3ms
18:52:54  BitwigStudio/X11RenderComman 4.4ms
18:52:54  BitwigStudio/X11RenderComman 5.1ms  |  BitwigStudio/BitwigStudio 3.4ms
18:52:54  BitwigStudio/X11RenderComman 5.1ms
18:52:54  BitwigStudio/X11RenderComman 3.8ms
18:52:55  BitwigStudio/X11RenderComman 5.0ms
18:52:55  BitwigStudio/X11RenderComman 5.9ms
18:52:55  BitwigStudio/X11RenderComman 4.5ms
18:52:55  BitwigStudio/X11RenderComman 4.6ms
18:52:55  BitwigStudio/X11RenderComman 5.5ms  |  BitwigStudio/BitwigStudio 3.0ms
18:52:55  BitwigStudio/X11RenderComman 4.3ms
18:52:55  BitwigStudio/X11RenderComman 4.6ms  |  BitwigPluginHos/bitwig-remote-p 3.0ms
18:52:55  BitwigStudio/X11RenderComman 5.1ms
18:52:55  BitwigStudio/X11RenderComman 4.7ms
18:52:56  BitwigStudio/X11RenderComman 4.9ms  |  yabridge-host.e/ProcessMonitor 3.2ms
18:52:56  BitwigStudio/X11RenderComman 5.4ms  |  yabridge-host.e/ProcessMonitor 3.4ms  |  BitwigStudio/BitwigStudio 3.0ms
18:52:56  BitwigStudio/X11RenderComman 4.3ms  |  yabridge-host.e/ProcessMonitor 3.0ms
18:52:56  BitwigStudio/X11RenderComman 5.5ms  |  BitwigPluginHos/bitwig-remote-p 3.3ms  |  BitwigPluginHos/bitwig-remote-p 3.1ms
18:52:56  BitwigPluginHos/bitwig-remote-p 5.6ms  |  BitwigStudio/X11RenderComman 5.1ms  |  BitwigStudio/BitwigStudio 3.2ms  |  yabridge-host.e/ProcessMonitor 3.1ms
18:52:56  BitwigStudio/X11RenderComman 4.7ms  |  BitwigPluginHos/bitwig-remote-p 4.4ms  |  BitwigPluginHos/bitwig-remote-p 3.4ms  |  yabridge-host.e/ProcessMonitor 3.0ms
18:52:56  BitwigStudio/X11RenderComman 5.0ms  |  BitwigPluginHos/bitwig-remote-p 3.5ms
18:52:56  BitwigStudio/X11RenderComman 5.1ms  |  yabridge-host.e/ProcessMonitor 3.3ms  |  BitwigPluginHos/bitwig-remote-p 3.2ms  |  BitwigStudio/BitwigStudio 3.1ms
18:52:56  BitwigStudio/X11RenderComman 5.0ms
18:52:56  BitwigStudio/X11RenderComman 6.3ms
18:52:57  BitwigStudio/X11RenderComman 5.2ms  |  BitwigStudio/BitwigStudio 3.1ms
18:52:57  BitwigStudio/X11RenderComman 5.1ms
18:52:57  BitwigStudio/X11RenderComman 5.0ms  |  BitwigStudio/BitwigStudio 3.1ms
18:52:57  BitwigStudio/X11RenderComman 4.9ms
18:52:57  BitwigStudio/X11RenderComman 4.6ms
18:52:57  BitwigStudio/X11RenderComman 4.8ms
18:52:57  BitwigStudio/X11RenderComman 4.6ms
18:52:57  BitwigStudio/X11RenderComman 4.3ms
18:52:57  BitwigStudio/X11RenderComman 4.2ms
18:52:58  BitwigStudio/X11RenderComman 4.4ms
18:52:58  BitwigStudio/X11RenderComman 4.2ms
18:52:58  BitwigStudio/X11RenderComman 4.2ms
18:52:58  BitwigStudio/X11RenderComman 4.4ms  |  BitwigStudio/BitwigStudio 3.2ms
18:52:58  BitwigStudio/X11RenderComman 4.6ms  |  yabridge-host.e/ProcessMonitor 3.3ms
18:52:58  BitwigStudio/X11RenderComman 4.1ms
18:52:58  BitwigStudio/X11RenderComman 3.8ms  |  yabridge-host.e/ProcessMonitor 3.2ms
18:52:58  BitwigStudio/X11RenderComman 3.7ms  |  yabridge-host.e/ProcessMonitor 3.1ms
18:52:58  BitwigStudio/X11RenderComman 3.9ms
18:52:58  BitwigStudio/X11RenderComman 4.0ms  |  yabridge-host.e/ProcessMonitor 3.2ms
18:52:59  BitwigStudio/X11RenderComman 4.3ms  |  yabridge-host.e/ProcessMonitor 3.1ms
18:52:59  BitwigStudio/X11RenderComman 4.2ms  |  BitwigStudio/BitwigStudio 3.1ms
18:52:59  BitwigStudio/X11RenderComman 4.5ms  |  yabridge-host.e/ProcessMonitor 3.3ms
18:52:59  BitwigStudio/X11RenderComman 3.6ms
18:52:59  BitwigStudio/X11RenderComman 4.1ms
18:52:59  BitwigStudio/X11RenderComman 4.8ms
18:52:59  BitwigStudio/X11RenderComman 3.8ms
18:52:59  BitwigStudio/X11RenderComman 4.0ms
18:52:59  BitwigStudio/X11RenderComman 4.0ms
18:53:00  BitwigStudio/X11RenderComman 3.8ms  |  BitwigPluginHos/bitwig-remote-p 3.1ms
18:53:00  BitwigStudio/X11RenderComman 3.9ms
18:53:00  BitwigPluginHos/bitwig-remote-p 6.8ms  |  BitwigStudio/X11RenderComman 3.7ms
18:53:00  BitwigStudio/X11RenderComman 4.6ms
18:53:00  BitwigStudio/X11RenderComman 5.5ms
18:53:00  BitwigStudio/X11RenderComman 4.0ms
18:53:00  BitwigStudio/X11RenderComman 4.0ms
18:53:00  BitwigStudio/X11RenderComman 4.0ms
18:53:00  BitwigPluginHos/bitwig-remote-p 5.1ms  |  BitwigPluginHos/bitwig-remote-p 4.3ms  |  BitwigStudio/X11RenderComman 3.8ms
18:53:00  BitwigPluginHos/bitwig-remote-p 6.0ms  |  BitwigPluginHos/bitwig-remote-p 5.8ms  |  BitwigPluginHos/bitwig-remote-p 5.2ms  |  BitwigStudio/X11RenderComman 3.8ms
18:53:01  BitwigPluginHos/bitwig-remote-p 6.9ms  |  BitwigPluginHos/bitwig-remote-p 5.5ms  |  BitwigStudio/X11RenderComman 3.9ms  |  BitwigPluginHos/bitwig-remote-p 3.1ms
18:53:01  BitwigPluginHos/bitwig-remote-p 5.4ms  |  BitwigPluginHos/bitwig-remote-p 4.5ms  |  BitwigStudio/X11RenderComman 4.0ms  |  yabridge-host.e/ProcessMonitor 4.0ms
18:53:01  BitwigPluginHos/bitwig-remote-p 6.6ms  |  BitwigPluginHos/bitwig-remote-p 5.2ms  |  BitwigPluginHos/bitwig-remote-p 4.8ms  |  BitwigStudio/X11RenderComman 3.6ms
18:53:01  BitwigPluginHos/bitwig-remote-p 6.9ms  |  BitwigPluginHos/bitwig-remote-p 6.5ms  |  BitwigPluginHos/bitwig-remote-p 5.7ms  |  BitwigStudio/X11RenderComman 3.8ms
18:53:01  BitwigPluginHos/bitwig-remote-p 6.9ms  |  BitwigPluginHos/bitwig-remote-p 6.3ms  |  BitwigPluginHos/bitwig-remote-p 3.9ms  |  BitwigStudio/X11RenderComman 3.8ms
18:53:01  BitwigPluginHos/bitwig-remote-p 6.9ms  |  BitwigPluginHos/bitwig-remote-p 6.6ms  |  BitwigPluginHos/bitwig-remote-p 6.4ms  |  BitwigStudio/X11RenderComman 3.8ms
18:53:01  BitwigPluginHos/bitwig-remote-p 7.2ms  |  BitwigPluginHos/bitwig-remote-p 6.7ms  |  BitwigPluginHos/bitwig-remote-p 6.6ms  |  BitwigStudio/X11RenderComman 4.1ms
18:53:01  BitwigPluginHos/bitwig-remote-p 6.7ms  |  BitwigPluginHos/bitwig-remote-p 6.4ms  |  BitwigPluginHos/bitwig-remote-p 4.9ms  |  BitwigStudio/X11RenderComman 3.8ms
18:53:01  BitwigPluginHos/bitwig-remote-p 6.7ms  |  BitwigPluginHos/bitwig-remote-p 6.4ms  |  BitwigStudio/X11RenderComman 4.4ms
18:53:02  BitwigPluginHos/bitwig-remote-p 7.2ms  |  BitwigPluginHos/bitwig-remote-p 6.7ms  |  BitwigPluginHos/bitwig-remote-p 4.5ms  |  BitwigStudio/X11RenderComman 3.7ms
18:53:02  BitwigPluginHos/bitwig-remote-p 5.1ms  |  BitwigStudio/X11RenderComman 3.6ms  |  BitwigPluginHos/bitwig-remote-p 3.2ms
18:53:02  BitwigPluginHos/bitwig-remote-p 5.2ms  |  BitwigStudio/X11RenderComman 4.1ms  |  BitwigPluginHos/bitwig-remote-p 3.5ms
18:53:02  BitwigPluginHos/bitwig-remote-p 5.6ms  |  BitwigPluginHos/bitwig-remote-p 4.2ms  |  BitwigStudio/X11RenderComman 3.8ms  |  BitwigPluginHos/bitwig-remote-p 3.3ms
18:53:02  BitwigPluginHos/bitwig-remote-p 6.9ms  |  BitwigPluginHos/bitwig-remote-p 6.5ms  |  BitwigStudio/X11RenderComman 3.3ms
18:53:02  BitwigPluginHos/bitwig-remote-p 6.7ms  |  BitwigPluginHos/bitwig-remote-p 6.2ms  |  BitwigPluginHos/bitwig-remote-p 4.5ms  |  BitwigStudio/X11RenderComman 4.2ms
18:53:02  BitwigPluginHos/bitwig-remote-p 7.6ms  |  BitwigPluginHos/bitwig-remote-p 7.1ms  |  BitwigPluginHos/bitwig-remote-p 6.5ms  |  BitwigStudio/X11RenderComman 3.2ms
18:53:02  BitwigPluginHos/bitwig-remote-p 6.4ms  |  BitwigPluginHos/bitwig-remote-p 6.2ms  |  BitwigStudio/X11RenderComman 4.2ms
18:53:02  BitwigPluginHos/bitwig-remote-p 6.9ms  |  BitwigPluginHos/bitwig-remote-p 6.6ms  |  BitwigStudio/X11RenderComman 4.2ms
18:53:02  BitwigPluginHos/bitwig-remote-p 5.9ms  |  BitwigStudio/X11RenderComman 5.6ms  |  BitwigPluginHos/bitwig-remote-p 3.5ms
18:53:03  BitwigStudio/X11RenderComman 6.1ms  |  BitwigPluginHos/bitwig-remote-p 3.5ms  |  BitwigPluginHos/bitwig-remote-p 3.5ms  |  BitwigStudio/BitwigStudio 3.0ms
18:53:03  BitwigStudio/X11RenderComman 4.9ms  |  BitwigPluginHos/bitwig-remote-p 3.1ms
18:53:03  BitwigPluginHos/bitwig-remote-p 6.7ms  |  BitwigStudio/X11RenderComman 5.5ms  |  BitwigPluginHos/bitwig-remote-p 3.1ms
18:53:03  BitwigPluginHos/bitwig-remote-p 7.4ms  |  BitwigPluginHos/bitwig-remote-p 6.2ms  |  BitwigStudio/X11RenderComman 5.9ms
18:53:03  BitwigPluginHos/bitwig-remote-p 7.0ms  |  BitwigStudio/X11RenderComman 6.0ms  |  yabridge-host.e/ProcessMonitor 3.2ms  |  BitwigPluginHos/bitwig-remote-p 3.2ms
18:53:03  BitwigPluginHos/bitwig-remote-p 6.0ms  |  BitwigStudio/X11RenderComman 5.2ms  |  BitwigPluginHos/bitwig-remote-p 3.9ms
18:53:03  BitwigPluginHos/bitwig-remote-p 6.0ms  |  BitwigStudio/X11RenderComman 5.7ms  |  BitwigPluginHos/bitwig-remote-p 5.7ms  |  yabridge-host.e/ProcessMonitor 3.0ms
18:53:03  BitwigStudio/X11RenderComman 6.7ms  |  BitwigPluginHos/bitwig-remote-p 6.1ms  |  BitwigStudio/BitwigStudio 3.9ms
18:53:03  BitwigPluginHos/bitwig-remote-p 6.5ms  |  BitwigStudio/X11RenderComman 5.3ms  |  BitwigStudio/BitwigStudio 3.0ms
18:53:04  BitwigPluginHos/bitwig-remote-p 6.7ms  |  BitwigPluginHos/bitwig-remote-p 5.5ms  |  BitwigStudio/X11RenderComman 5.3ms  |  yabridge-host.e/ProcessMonitor 3.6ms
18:53:04  BitwigPluginHos/bitwig-remote-p 6.3ms  |  BitwigStudio/X11RenderComman 5.4ms  |  BitwigPluginHos/bitwig-remote-p 5.2ms  |  BitwigPluginHos/bitwig-remote-p 3.2ms
18:53:04  BitwigPluginHos/bitwig-remote-p 6.6ms  |  BitwigStudio/X11RenderComman 4.9ms
18:53:04  BitwigStudio/X11RenderComman 5.7ms  |  yabridge-host.e/ProcessMonitor 3.2ms
18:53:04  BitwigPluginHos/bitwig-remote-p 7.5ms  |  BitwigPluginHos/bitwig-remote-p 7.2ms  |  BitwigStudio/X11RenderComman 5.7ms
18:53:04  BitwigPluginHos/bitwig-remote-p 6.8ms  |  BitwigStudio/X11RenderComman 6.1ms  |  BitwigPluginHos/bitwig-remote-p 3.6ms
18:53:04  BitwigStudio/X11RenderComman 5.9ms  |  BitwigPluginHos/bitwig-remote-p 3.8ms
18:53:04  BitwigStudio/X11RenderComman 6.1ms  |  BitwigStudio/BitwigStudio 3.2ms
18:53:04  BitwigPluginHos/bitwig-remote-p 6.0ms  |  BitwigPluginHos/bitwig-remote-p 5.9ms  |  BitwigStudio/X11RenderComman 5.4ms
18:53:04  BitwigStudio/X11RenderComman 4.5ms
18:53:05  BitwigStudio/X11RenderComman 5.9ms  |  BitwigPluginHos/bitwig-remote-p 5.4ms  |  BitwigStudio/BitwigStudio 3.2ms
18:53:05  BitwigPluginHos/bitwig-remote-p 6.7ms  |  BitwigStudio/X11RenderComman 6.1ms
18:53:05  BitwigPluginHos/bitwig-remote-p 6.6ms  |  BitwigStudio/X11RenderComman 5.2ms
18:53:05  BitwigPluginHos/bitwig-remote-p 6.1ms  |  BitwigStudio/X11RenderComman 5.5ms
18:53:05  BitwigPluginHos/bitwig-remote-p 5.8ms  |  BitwigStudio/X11RenderComman 5.7ms  |  BitwigStudio/BitwigStudio 3.2ms
18:53:05  BitwigStudio/X11RenderComman 5.5ms  |  BitwigStudio/BitwigStudio 3.5ms
18:53:05  BitwigStudio/X11RenderComman 5.6ms  |  BitwigPluginHos/bitwig-remote-p 4.0ms  |  BitwigStudio/BitwigStudio 3.0ms
18:53:05  BitwigPluginHos/bitwig-remote-p 6.6ms  |  BitwigStudio/X11RenderComman 5.6ms
18:53:05  BitwigStudio/X11RenderComman 5.5ms  |  BitwigPluginHos/bitwig-remote-p 3.7ms
18:53:06  BitwigStudio/X11RenderComman 5.7ms  |  BitwigStudio/BitwigStudio 3.1ms  |  yabridge-host.e/ProcessMonitor 3.1ms
18:53:06  BitwigStudio/X11RenderComman 5.5ms  |  BitwigAudioEngi/data-loop.0 3.3ms  |  yabridge-host.e/audio 3.3ms  |  yabridge-host.e/ProcessMonitor 3.2ms
18:53:06  BitwigStudio/X11RenderComman 5.5ms  |  BitwigPluginHos/bitwig-remote-p 4.1ms  |  yabridge-host.e/ProcessMonitor 3.0ms  |  yabridge-host.e/audio 3.0ms
18:53:06  BitwigStudio/X11RenderComman 5.7ms  |  BitwigStudio/BitwigStudio 3.5ms  |  yabridge-host.e/audio 3.3ms
18:53:06  BitwigStudio/X11RenderComman 5.9ms  |  yabridge-host.e/ProcessMonitor 4.2ms  |  BitwigStudio/BitwigStudio 3.3ms
18:53:06  BitwigStudio/X11RenderComman 5.7ms
18:53:06  BitwigStudio/ZWorkerOld#3 68.0ms  |  BitwigStudio/X11RenderComman 6.3ms  |  BitwigPluginHos/bitwig-remote-p 4.6ms  |  BitwigStudio/BitwigStudio 3.6ms
18:53:06  BitwigStudio/X11RenderComman 5.8ms  |  BitwigStudio/BitwigStudio 3.3ms  |  yabridge-host.e/ProcessMonitor 3.1ms
18:53:06  BitwigStudio/X11RenderComman 5.1ms
18:53:06  BitwigStudio/X11RenderComman 5.7ms
18:53:07  BitwigStudio/X11RenderComman 5.3ms  |  BitwigStudio/BitwigStudio 3.8ms  |  BitwigPluginHos/bitwig-remote-p 3.3ms
18:53:07  BitwigStudio/X11RenderComman 5.8ms
18:53:07  BitwigStudio/X11RenderComman 5.9ms  |  BitwigStudio/BitwigStudio 3.1ms
18:53:07  BitwigStudio/X11RenderComman 4.9ms
18:53:07  BitwigStudio/X11RenderComman 4.9ms
18:53:07  BitwigStudio/X11RenderComman 5.5ms
18:53:07  BitwigPluginHos/bitwig-remote-p 6.2ms  |  BitwigStudio/X11RenderComman 5.3ms
18:53:07  BitwigPluginHos/bitwig-remote-p 7.0ms  |  BitwigStudio/X11RenderComman 4.5ms
18:53:07  BitwigPluginHos/bitwig-remote-p 7.0ms  |  BitwigStudio/X11RenderComman 5.2ms
18:53:08  BitwigPluginHos/bitwig-remote-p 5.8ms  |  BitwigStudio/X11RenderComman 5.5ms  |  BitwigPluginHos/bitwig-remote-p 4.0ms  |  BitwigStudio/BitwigStudio 3.7ms
18:53:08  BitwigPluginHos/bitwig-remote-p 5.4ms  |  BitwigStudio/X11RenderComman 5.3ms
18:53:08  BitwigPluginHos/bitwig-remote-p 6.1ms  |  BitwigStudio/X11RenderComman 5.5ms  |  BitwigStudio/BitwigStudio 3.1ms
18:53:08  BitwigStudio/X11RenderComman 4.8ms
18:53:08  BitwigPluginHos/bitwig-remote-p 5.1ms  |  BitwigStudio/X11RenderComman 5.0ms  |  yabridge-host.e/ProcessMonitor 3.1ms
18:53:08  BitwigPluginHos/bitwig-remote-p 6.5ms  |  BitwigStudio/X11RenderComman 5.3ms  |  BitwigStudio/BitwigStudio 3.1ms
18:53:08  BitwigStudio/X11RenderComman 5.1ms  |  yabridge-host.e/ProcessMonitor 3.4ms
18:53:08  BitwigStudio/X11RenderComman 5.6ms
18:53:08  BitwigStudio/X11RenderComman 5.3ms
18:53:09  BitwigStudio/X11RenderComman 4.6ms  |  yabridge-host.e/ProcessMonitor 3.5ms
18:53:09  BitwigStudio/X11RenderComman 5.7ms  |  yabridge-host.e/ProcessMonitor 3.1ms
18:53:09  BitwigStudio/X11RenderComman 5.6ms
18:53:09  BitwigStudio/X11RenderComman 5.5ms  |  yabridge-host.e/ProcessMonitor 3.4ms
18:53:09  BitwigStudio/X11RenderComman 5.6ms  |  BitwigPluginHos/bitwig-remote-p 4.7ms
18:53:09  BitwigStudio/X11RenderComman 5.5ms
18:53:09  BitwigStudio/X11RenderComman 4.9ms  |  wineserver/wineserver 3.3ms
18:53:09  BitwigStudio/X11RenderComman 5.5ms
18:53:09  BitwigStudio/X11RenderComman 5.6ms
18:53:09  BitwigStudio/X11RenderComman 5.3ms
18:53:10  BitwigStudio/X11RenderComman 5.1ms
18:53:10  BitwigStudio/X11RenderComman 6.8ms  |  BitwigPluginHos/bitwig-remote-p 4.7ms
18:53:10  BitwigPluginHos/bitwig-remote-p 6.7ms  |  BitwigStudio/X11RenderComman 5.3ms
18:53:10  BitwigPluginHos/bitwig-remote-p 6.8ms  |  BitwigStudio/X11RenderComman 4.9ms
18:53:10  BitwigPluginHos/bitwig-remote-p 6.0ms  |  BitwigStudio/X11RenderComman 5.4ms  |  BitwigStudio/BitwigStudio 3.2ms
18:53:10  BitwigPluginHos/bitwig-remote-p 6.3ms  |  BitwigStudio/X11RenderComman 5.0ms  |  BitwigStudio/C2 CompilerThre 4.2ms
18:53:10  BitwigStudio/C2 CompilerThre 11.1ms  |  BitwigPluginHos/bitwig-remote-p 6.4ms  |  BitwigStudio/X11RenderComman 5.8ms
18:53:10  BitwigStudio/X11RenderComman 5.6ms
18:53:10  BitwigStudio/X11RenderComman 4.9ms  |  BitwigPluginHos/bitwig-remote-p 4.6ms
18:53:11  BitwigPluginHos/bitwig-remote-p 6.8ms  |  BitwigStudio/X11RenderComman 6.1ms  |  BitwigStudio/BitwigStudio 3.3ms
18:53:11  BitwigStudio/X11RenderComman 5.6ms  |  BitwigPluginHos/bitwig-remote-p 4.8ms
18:53:11  BitwigStudio/X11RenderComman 4.9ms  |  yabridge-host.e/ProcessMonitor 3.2ms
18:53:11  BitwigPluginHos/bitwig-remote-p 5.6ms  |  BitwigStudio/X11RenderComman 5.2ms  |  BitwigPluginHos/bitwig-remote-p 3.1ms
18:53:11  BitwigStudio/X11RenderComman 4.9ms  |  BitwigPluginHos/bitwig-remote-p 4.5ms
18:53:11  BitwigStudio/X11RenderComman 5.2ms  |  BitwigStudio/BitwigStudio 3.1ms  |  yabridge-host.e/ProcessMonitor 3.1ms
18:53:11  BitwigStudio/X11RenderComman 4.7ms  |  BitwigStudio/BitwigStudio 3.3ms
18:53:11  BitwigPluginHos/bitwig-remote-p 6.5ms  |  BitwigStudio/X11RenderComman 5.3ms
18:53:11  BitwigStudio/X11RenderComman 5.4ms  |  BitwigPluginHos/bitwig-remote-p 3.6ms  |  yabridge-host.e/ProcessMonitor 3.2ms  |  BitwigStudio/BitwigStudio 3.0ms
18:53:11  BitwigStudio/X11RenderComman 5.4ms  |  BitwigStudio/BitwigStudio 3.2ms
18:53:12  BitwigStudio/X11RenderComman 5.4ms  |  BitwigStudio/BitwigStudio 5.1ms
18:53:12  BitwigPluginHos/bitwig-remote-p 6.8ms  |  BitwigStudio/X11RenderComman 5.0ms
18:53:12  BitwigPluginHos/bitwig-remote-p 7.5ms  |  BitwigStudio/X11RenderComman 5.0ms
18:53:12  BitwigStudio/X11RenderComman 4.9ms  |  BitwigPluginHos/bitwig-remote-p 3.1ms
18:53:12  BitwigStudio/X11RenderComman 5.1ms  |  BitwigStudio/BitwigStudio 3.1ms
18:53:12  BitwigStudio/X11RenderComman 5.5ms  |  BitwigPluginHos/bitwig-remote-p 3.6ms
18:53:12  BitwigStudio/X11RenderComman 4.5ms  |  BitwigPluginHos/bitwig-remote-p 3.1ms
18:53:12  BitwigPluginHos/bitwig-remote-p 6.8ms  |  BitwigStudio/X11RenderComman 5.4ms
18:53:12  BitwigPluginHos/bitwig-remote-p 6.9ms  |  BitwigStudio/X11RenderComman 5.1ms
18:53:13  BitwigStudio/X11RenderComman 4.6ms  |  BitwigPluginHos/bitwig-remote-p 4.6ms  |  yabridge-host.e/audio 3.3ms
18:53:13  BitwigStudio/X11RenderComman 5.5ms  |  yabridge-host.e/audio 3.1ms
18:53:13  BitwigPluginHos/bitwig-remote-p 5.6ms  |  BitwigStudio/X11RenderComman 4.8ms
18:53:13  BitwigPluginHos/bitwig-remote-p 6.9ms  |  BitwigPluginHos/bitwig-remote-p 6.2ms  |  BitwigStudio/X11RenderComman 4.9ms
18:53:13  BitwigPluginHos/bitwig-remote-p 6.8ms  |  BitwigPluginHos/bitwig-remote-p 6.4ms  |  BitwigStudio/X11RenderComman 5.3ms  |  BitwigStudio/BitwigStudio 3.7ms
18:53:13  BitwigPluginHos/bitwig-remote-p 6.6ms  |  BitwigStudio/X11RenderComman 5.3ms  |  yabridge-host.e/audio 3.5ms  |  BitwigStudio/BitwigStudio 3.1ms
18:53:13  BitwigPluginHos/bitwig-remote-p 6.6ms  |  BitwigStudio/X11RenderComman 5.5ms  |  BitwigPluginHos/bitwig-remote-p 4.9ms  |  yabridge-host.e/ProcessMonitor 3.1ms
18:53:13  BitwigPluginHos/bitwig-remote-p 6.2ms  |  BitwigStudio/X11RenderComman 5.5ms  |  BitwigPluginHos/bitwig-remote-p 5.1ms  |  yabridge-host.e/ProcessMonitor 3.1ms
18:53:13  BitwigStudio/X11RenderComman 6.1ms  |  BitwigPluginHos/bitwig-remote-p 6.0ms
18:53:13  BitwigPluginHos/bitwig-remote-p 6.1ms  |  BitwigStudio/X11RenderComman 5.4ms  |  BitwigPluginHos/bitwig-remote-p 3.7ms  |  yabridge-host.e/ProcessMonitor 3.4ms
18:53:14  BitwigPluginHos/bitwig-remote-p 6.5ms  |  BitwigStudio/X11RenderComman 4.4ms  |  yabridge-host.e/ProcessMonitor 3.8ms
18:53:14  BitwigStudio/X11RenderComman 5.7ms  |  BitwigPluginHos/bitwig-remote-p 4.8ms
18:53:14  BitwigPluginHos/bitwig-remote-p 6.6ms  |  BitwigStudio/X11RenderComman 5.7ms  |  yabridge-host.e/audio 3.6ms  |  yabridge-host.e/ProcessMonitor 3.1ms
18:53:14  BitwigPluginHos/bitwig-remote-p 5.7ms  |  BitwigStudio/X11RenderComman 5.5ms  |  BitwigPluginHos/bitwig-remote-p 5.4ms  |  yabridge-host.e/audio 3.4ms
18:53:14  BitwigPluginHos/bitwig-remote-p 6.5ms  |  BitwigPluginHos/bitwig-remote-p 5.9ms  |  BitwigStudio/X11RenderComman 5.6ms  |  yabridge-host.e/audio 4.2ms
18:53:14  BitwigPluginHos/bitwig-remote-p 6.9ms  |  BitwigStudio/X11RenderComman 5.0ms  |  yabridge-host.e/audio 3.2ms
18:53:14  BitwigPluginHos/bitwig-remote-p 6.5ms  |  BitwigStudio/X11RenderComman 5.3ms  |  yabridge-host.e/audio 3.1ms
18:53:14  BitwigStudio/X11RenderComman 5.3ms
18:53:14  BitwigStudio/X11RenderComman 4.4ms  |  yabridge-host.e/audio 3.7ms  |  BitwigPluginHos/bitwig-remote-p 3.3ms
18:53:15  BitwigStudio/X11RenderComman 5.3ms  |  BitwigPluginHos/bitwig-remote-p 3.2ms
18:53:15  BitwigPluginHos/bitwig-remote-p 5.8ms  |  BitwigStudio/X11RenderComman 5.1ms  |  yabridge-host.e/audio 3.4ms
18:53:15  BitwigPluginHos/bitwig-remote-p 6.9ms  |  BitwigStudio/X11RenderComman 5.1ms  |  yabridge-host.e/audio 3.8ms
18:53:15  BitwigStudio/X11RenderComman 5.5ms
18:53:15  BitwigPluginHos/bitwig-remote-p 6.7ms  |  BitwigStudio/X11RenderComman 5.6ms
18:53:15  BitwigPluginHos/bitwig-remote-p 6.6ms  |  BitwigStudio/X11RenderComman 5.8ms  |  BitwigStudio/BitwigStudio 3.1ms
18:53:15  BitwigStudio/X11RenderComman 5.0ms  |  BitwigPluginHos/bitwig-remote-p 4.9ms
18:53:15  BitwigStudio/X11RenderComman 5.4ms
18:53:15  BitwigStudio/X11RenderComman 5.6ms
18:53:15  BitwigStudio/X11RenderComman 5.5ms  |  BitwigPluginHos/bitwig-remote-p 3.4ms  |  yabridge-host.e/audio 3.1ms
18:53:16  BitwigStudio/X11RenderComman 4.7ms  |  BitwigPluginHos/bitwig-remote-p 3.6ms  |  BitwigPluginHos/bitwig-remote-p 3.3ms  |  BitwigStudio/BitwigStudio 3.2ms
18:53:16  BitwigPluginHos/bitwig-remote-p 7.1ms  |  BitwigStudio/X11RenderComman 4.9ms  |  BitwigPluginHos/bitwig-remote-p 4.0ms  |  yabridge-host.e/ProcessMonitor 3.4ms
18:53:16  BitwigPluginHos/bitwig-remote-p 6.9ms  |  BitwigStudio/X11RenderComman 5.5ms  |  yabridge-host.e/ProcessMonitor 3.2ms
18:53:16  BitwigPluginHos/bitwig-remote-p 6.9ms  |  BitwigStudio/X11RenderComman 5.9ms  |  BitwigPluginHos/bitwig-remote-p 4.3ms
18:53:16  BitwigStudio/X11RenderComman 5.1ms  |  BitwigPluginHos/bitwig-remote-p 3.9ms  |  BitwigPluginHos/bitwig-remote-p 3.6ms  |  yabridge-host.e/ProcessMonitor 3.1ms
18:53:16  BitwigPluginHos/bitwig-remote-p 6.8ms  |  BitwigStudio/X11RenderComman 6.1ms  |  BitwigPluginHos/bitwig-remote-p 5.9ms  |  BitwigStudio/BitwigStudio 3.4ms
18:53:16  BitwigStudio/X11RenderComman 5.6ms  |  BitwigPluginHos/bitwig-remote-p 4.6ms
18:53:16  BitwigStudio/X11RenderComman 5.4ms  |  yabridge-host.e/ProcessMonitor 3.2ms
18:53:16  BitwigStudio/X11RenderComman 5.4ms
18:53:17  BitwigStudio/X11RenderComman 5.3ms
18:53:17  BitwigStudio/X11RenderComman 5.5ms
18:53:17  BitwigStudio/X11RenderComman 5.0ms
18:53:17  BitwigStudio/X11RenderComman 6.0ms  |  BitwigStudio/BitwigStudio 3.0ms
18:53:17  BitwigStudio/X11RenderComman 5.0ms
18:53:17  BitwigStudio/X11RenderComman 5.0ms
18:53:17  BitwigStudio/X11RenderComman 5.4ms
18:53:17  BitwigStudio/X11RenderComman 5.6ms  |  BitwigPluginHos/bitwig-remote-p 5.2ms
18:53:17  BitwigPluginHos/bitwig-remote-p 7.0ms  |  BitwigStudio/X11RenderComman 4.4ms
18:53:18  BitwigPluginHos/bitwig-remote-p 6.8ms  |  BitwigStudio/X11RenderComman 5.4ms
18:53:18  BitwigStudio/X11RenderComman 5.7ms  |  BitwigPluginHos/bitwig-remote-p 4.4ms  |  BitwigStudio/BitwigStudio 3.1ms
18:53:18  BitwigPluginHos/bitwig-remote-p 6.3ms  |  BitwigPluginHos/bitwig-remote-p 4.8ms  |  BitwigStudio/X11RenderComman 4.4ms
18:53:18  BitwigPluginHos/bitwig-remote-p 7.1ms  |  BitwigPluginHos/bitwig-remote-p 6.7ms  |  BitwigPluginHos/bitwig-remote-p 5.4ms  |  BitwigStudio/X11RenderComman 4.7ms
18:53:18  BitwigPluginHos/bitwig-remote-p 6.7ms  |  BitwigPluginHos/bitwig-remote-p 6.6ms  |  BitwigPluginHos/bitwig-remote-p 5.8ms  |  BitwigStudio/X11RenderComman 5.6ms
18:53:18  BitwigPluginHos/bitwig-remote-p 7.1ms  |  BitwigPluginHos/bitwig-remote-p 6.2ms  |  BitwigStudio/X11RenderComman 4.6ms  |  BitwigPluginHos/bitwig-remote-p 4.3ms
18:53:18  BitwigPluginHos/bitwig-remote-p 6.8ms  |  BitwigPluginHos/bitwig-remote-p 6.8ms  |  BitwigStudio/X11RenderComman 5.2ms
18:53:18  BitwigPluginHos/bitwig-remote-p 6.0ms  |  BitwigStudio/X11RenderComman 4.9ms  |  yabridge-host.e/ProcessMonitor 3.4ms  |  yabridge-host.e/ProcessMonitor 3.2ms
18:53:18  BitwigPluginHos/bitwig-remote-p 7.0ms  |  BitwigPluginHos/bitwig-remote-p 6.0ms  |  BitwigStudio/X11RenderComman 4.3ms  |  BitwigPluginHos/bitwig-remote-p 3.7ms
18:53:18  BitwigPluginHos/bitwig-remote-p 6.8ms  |  BitwigPluginHos/bitwig-remote-p 6.7ms  |  BitwigStudio/X11RenderComman 4.4ms  |  BitwigPluginHos/bitwig-remote-p 3.7ms
18:53:19  BitwigPluginHos/bitwig-remote-p 6.4ms  |  BitwigPluginHos/bitwig-remote-p 6.0ms  |  BitwigStudio/X11RenderComman 4.7ms
18:53:19  BitwigPluginHos/bitwig-remote-p 7.0ms  |  BitwigPluginHos/bitwig-remote-p 6.9ms  |  BitwigStudio/X11RenderComman 4.1ms
18:53:19  BitwigPluginHos/bitwig-remote-p 6.5ms  |  BitwigStudio/X11RenderComman 5.8ms
18:53:19  BitwigStudio/X11RenderComman 4.5ms  |  BitwigPluginHos/bitwig-remote-p 3.8ms  |  BitwigPluginHos/bitwig-remote-p 3.7ms  |  yabridge-host.e/ProcessMonitor 3.6ms
18:53:19  BitwigPluginHos/bitwig-remote-p 6.3ms  |  BitwigPluginHos/bitwig-remote-p 3.8ms  |  BitwigStudio/X11RenderComman 3.7ms
18:53:19  BitwigPluginHos/bitwig-remote-p 6.8ms  |  BitwigStudio/X11RenderComman 4.0ms  |  BitwigPluginHos/bitwig-remote-p 3.9ms
18:53:19  BitwigPluginHos/bitwig-remote-p 6.8ms  |  BitwigPluginHos/bitwig-remote-p 5.3ms  |  BitwigStudio/X11RenderComman 3.8ms  |  BitwigPluginHos/bitwig-remote-p 3.1ms
18:53:19  BitwigPluginHos/bitwig-remote-p 6.5ms  |  BitwigStudio/X11RenderComman 3.4ms
18:53:19  BitwigPluginHos/bitwig-remote-p 6.0ms  |  BitwigPluginHos/bitwig-remote-p 4.2ms  |  BitwigStudio/X11RenderComman 3.9ms
18:53:20  BitwigPluginHos/bitwig-remote-p 6.3ms  |  BitwigStudio/X11RenderComman 4.2ms
18:53:20  BitwigStudio/X11RenderComman 5.0ms  |  BitwigPluginHos/bitwig-remote-p 3.9ms  |  BitwigStudio/BitwigStudio 3.1ms
18:53:20  BitwigPluginHos/bitwig-remote-p 4.9ms  |  BitwigStudio/X11RenderComman 4.4ms  |  BitwigPluginHos/bitwig-remote-p 3.8ms  |  BitwigStudio/BitwigStudio 3.6ms
18:53:20  BitwigPluginHos/bitwig-remote-p 5.6ms  |  BitwigStudio/X11RenderComman 5.6ms  |  BitwigStudio/BitwigStudio 3.3ms
18:53:20  BitwigPluginHos/bitwig-remote-p 6.5ms  |  BitwigPluginHos/bitwig-remote-p 6.5ms  |  BitwigPluginHos/bitwig-remote-p 6.4ms  |  BitwigStudio/X11RenderComman 4.3ms
18:53:20  BitwigPluginHos/bitwig-remote-p 6.8ms  |  BitwigPluginHos/bitwig-remote-p 6.6ms  |  BitwigPluginHos/bitwig-remote-p 6.5ms  |  BitwigPluginHos/bitwig-remote-p 5.3ms
18:53:20  BitwigPluginHos/bitwig-remote-p 6.7ms  |  BitwigPluginHos/bitwig-remote-p 6.2ms  |  BitwigPluginHos/bitwig-remote-p 4.6ms  |  BitwigStudio/X11RenderComman 4.5ms
18:53:20  BitwigPluginHos/bitwig-remote-p 6.2ms  |  BitwigStudio/X11RenderComman 4.8ms
18:53:20  BitwigPluginHos/bitwig-remote-p 6.4ms  |  BitwigStudio/X11RenderComman 4.9ms  |  BitwigPluginHos/bitwig-remote-p 3.4ms
18:53:20  BitwigPluginHos/bitwig-remote-p 6.3ms  |  BitwigStudio/X11RenderComman 6.2ms  |  BitwigPluginHos/bitwig-remote-p 6.0ms  |  BitwigStudio/BitwigStudio 3.1ms
18:53:21  BitwigStudio/X11RenderComman 6.7ms  |  BitwigPluginHos/bitwig-remote-p 6.2ms  |  BitwigPluginHos/bitwig-remote-p 5.6ms  |  BitwigStudio/BitwigStudio 3.1ms
18:53:21  BitwigPluginHos/bitwig-remote-p 6.0ms  |  BitwigStudio/X11RenderComman 5.0ms  |  yabridge-host.e/ProcessMonitor 3.2ms
18:53:21  BitwigStudio/X11RenderComman 5.3ms
18:53:21  BitwigStudio/X11RenderComman 5.3ms
18:53:21  BitwigPluginHos/bitwig-remote-p 5.7ms  |  BitwigStudio/X11RenderComman 5.3ms  |  yabridge-host.e/ProcessMonitor 3.4ms
18:53:21  BitwigPluginHos/bitwig-remote-p 6.5ms  |  BitwigPluginHos/bitwig-remote-p 6.0ms  |  BitwigStudio/X11RenderComman 5.7ms
18:53:21  BitwigStudio/X11RenderComman 6.4ms
18:53:21  BitwigPluginHos/bitwig-remote-p 5.9ms  |  BitwigStudio/X11RenderComman 4.7ms  |  yabridge-host.e/ProcessMonitor 3.1ms
18:53:21  BitwigStudio/X11RenderComman 5.0ms  |  BitwigPluginHos/bitwig-remote-p 4.2ms  |  BitwigPluginHos/bitwig-remote-p 3.6ms  |  BitwigStudio/BitwigStudio 3.3ms
18:53:22  BitwigStudio/X11RenderComman 5.5ms  |  BitwigPluginHos/bitwig-remote-p 5.2ms  |  BitwigStudio/BitwigStudio 3.2ms
18:53:22  BitwigPluginHos/bitwig-remote-p 5.8ms  |  BitwigStudio/X11RenderComman 4.0ms
18:53:22  BitwigStudio/X11RenderComman 5.6ms  |  BitwigPluginHos/bitwig-remote-p 4.9ms  |  BitwigPluginHos/bitwig-remote-p 4.3ms  |  BitwigStudio/BitwigStudio 3.4ms
18:53:22  BitwigPluginHos/bitwig-remote-p 6.3ms  |  BitwigStudio/X11RenderComman 5.9ms  |  BitwigPluginHos/bitwig-remote-p 5.8ms  |  BitwigStudio/BitwigStudio 3.0ms
18:53:22  BitwigStudio/X11RenderComman 5.2ms  |  BitwigPluginHos/bitwig-remote-p 4.3ms  |  BitwigPluginHos/bitwig-remote-p 3.5ms
18:53:22  BitwigStudio/X11RenderComman 5.8ms  |  BitwigPluginHos/bitwig-remote-p 4.3ms
18:53:22  BitwigStudio/X11RenderComman 5.6ms
18:53:22  BitwigPluginHos/bitwig-remote-p 5.4ms  |  BitwigStudio/X11RenderComman 4.9ms
18:53:22  BitwigStudio/X11RenderComman 6.1ms  |  BitwigPluginHos/bitwig-remote-p 3.0ms
18:53:22  BitwigStudio/X11RenderComman 6.1ms  |  BitwigStudio/BitwigStudio 3.3ms  |  BitwigPluginHos/bitwig-remote-p 3.1ms
18:53:23  BitwigStudio/X11RenderComman 4.8ms  |  BitwigStudio/BitwigStudio 3.3ms
18:53:23  BitwigStudio/X11RenderComman 5.2ms  |  BitwigStudio/BitwigStudio 4.3ms
18:53:23  BitwigStudio/X11RenderComman 5.3ms  |  BitwigStudio/BitwigStudio 3.4ms
18:53:23  BitwigStudio/X11RenderComman 5.2ms
18:53:23  BitwigStudio/X11RenderComman 5.6ms  |  BitwigPluginHos/bitwig-remote-p 4.2ms
18:53:23  BitwigStudio/X11RenderComman 5.1ms  |  BitwigStudio/BitwigStudio 3.1ms
18:53:23  BitwigStudio/X11RenderComman 4.3ms  |  yabridge-host.e/ProcessMonitor 3.1ms
18:53:23  BitwigStudio/X11RenderComman 5.2ms
18:53:23  BitwigStudio/X11RenderComman 5.0ms  |  BitwigPluginHos/bitwig-remote-p 3.2ms
18:53:24  BitwigStudio/X11RenderComman 4.5ms  |  BitwigPluginHos/bitwig-remote-p 3.5ms  |  yabridge-host.e/ProcessMonitor 3.3ms
18:53:24  BitwigStudio/X11RenderComman 4.9ms  |  BitwigPluginHos/bitwig-remote-p 4.4ms
18:53:24  BitwigStudio/X11RenderComman 5.7ms
18:53:24  BitwigStudio/X11RenderComman 4.5ms  |  BitwigPluginHos/bitwig-remote-p 3.8ms  |  yabridge-host.e/ProcessMonitor 3.2ms
18:53:24  BitwigStudio/ZWorkerOld#0 39.2ms  |  BitwigStudio/X11RenderComman 5.5ms  |  BitwigStudio/BitwigStudio 3.1ms
18:53:24  BitwigStudio/ZWorkerOld#0 27.0ms  |  BitwigStudio/X11RenderComman 6.1ms  |  BitwigPluginHos/bitwig-remote-p 4.1ms  |  BitwigStudio/BitwigStudio 3.8ms
18:53:24  BitwigPluginHos/bitwig-remote-p 6.6ms  |  BitwigStudio/X11RenderComman 4.4ms
18:53:24  BitwigStudio/X11RenderComman 5.7ms  |  BitwigStudio/BitwigStudio 3.0ms
18:53:24  BitwigStudio/X11RenderComman 5.1ms  |  BitwigStudio/BitwigStudio 3.1ms
18:53:24  BitwigPluginHos/bitwig-remote-p 6.3ms  |  BitwigStudio/X11RenderComman 5.0ms
18:53:25  BitwigStudio/X11RenderComman 4.9ms
18:53:25  BitwigPluginHos/bitwig-remote-p 6.6ms  |  BitwigStudio/X11RenderComman 4.7ms
18:53:25  BitwigStudio/X11RenderComman 4.6ms  |  BitwigPluginHos/bitwig-remote-p 4.1ms  |  BitwigPluginHos/bitwig-remote-p 3.2ms
18:53:25  BitwigPluginHos/bitwig-remote-p 6.7ms  |  BitwigPluginHos/bitwig-remote-p 6.1ms  |  BitwigStudio/X11RenderComman 4.6ms
18:53:25  BitwigPluginHos/bitwig-remote-p 6.8ms  |  BitwigStudio/X11RenderComman 4.5ms  |  BitwigStudio/BitwigStudio 4.0ms
18:53:25  BitwigPluginHos/bitwig-remote-p 7.2ms  |  BitwigStudio/X11RenderComman 4.7ms  |  BitwigPluginHos/bitwig-remote-p 3.7ms  |  BitwigStudio/BitwigStudio 3.0ms
18:53:25  BitwigPluginHos/bitwig-remote-p 6.6ms  |  BitwigStudio/X11RenderComman 5.0ms  |  BitwigStudio/BitwigStudio 3.0ms
18:53:25  BitwigPluginHos/bitwig-remote-p 5.5ms  |  BitwigStudio/X11RenderComman 5.0ms  |  BitwigStudio/BitwigStudio 3.3ms
18:53:25  BitwigPluginHos/bitwig-remote-p 5.8ms  |  BitwigStudio/X11RenderComman 5.1ms  |  BitwigStudio/BitwigStudio 4.0ms
18:53:26  BitwigStudio/X11RenderComman 5.0ms  |  BitwigStudio/BitwigStudio 3.7ms
18:53:26  BitwigStudio/X11RenderComman 4.8ms
18:53:26  BitwigStudio/X11RenderComman 5.4ms  |  yabridge-host.e/ProcessMonitor 3.3ms  |  yabridge-host.e/ProcessMonitor 3.1ms
18:53:26  BitwigStudio/X11RenderComman 5.0ms  |  BitwigPluginHos/bitwig-remote-p 4.1ms
18:53:26  BitwigStudio/X11RenderComman 5.4ms
18:53:26  BitwigStudio/X11RenderComman 5.4ms  |  BitwigPluginHos/bitwig-remote-p 3.4ms  |  yabridge-host.e/ProcessMonitor 3.1ms
18:53:26  BitwigPluginHos/bitwig-remote-p 6.4ms  |  BitwigStudio/X11RenderComman 5.4ms  |  BitwigPluginHos/bitwig-remote-p 4.6ms
18:53:26  BitwigStudio/X11RenderComman 4.6ms  |  BitwigPluginHos/bitwig-remote-p 4.0ms
18:53:26  BitwigStudio/X11RenderComman 5.1ms  |  BitwigStudio/BitwigStudio 3.3ms  |  yabridge-host.e/ProcessMonitor 3.2ms
18:53:26  BitwigStudio/X11RenderComman 5.1ms
18:53:27  BitwigStudio/X11RenderComman 5.3ms
18:53:27  BitwigStudio/X11RenderComman 5.3ms  |  BitwigPluginHos/bitwig-remote-p 3.6ms  |  yabridge-host.e/audio 3.4ms
18:53:27  BitwigStudio/X11RenderComman 5.1ms  |  BitwigStudio/BitwigStudio 3.9ms
18:53:27  BitwigPluginHos/bitwig-remote-p 5.1ms  |  BitwigStudio/X11RenderComman 5.1ms
18:53:27  BitwigStudio/X11RenderComman 5.7ms
18:53:27  BitwigStudio/X11RenderComman 5.4ms  |  BitwigPluginHos/bitwig-remote-p 3.2ms
18:53:27  BitwigStudio/X11RenderComman 5.7ms  |  BitwigStudio/BitwigStudio 3.1ms
18:53:27  BitwigStudio/X11RenderComman 5.0ms  |  BitwigStudio/BitwigStudio 4.0ms  |  BitwigPluginHos/bitwig-remote-p 3.9ms
18:53:27  BitwigStudio/X11RenderComman 5.4ms
18:53:28  BitwigStudio/X11RenderComman 5.2ms
18:53:28  BitwigStudio/X11RenderComman 5.2ms  |  BitwigStudio/BitwigStudio 3.2ms
18:53:28  BitwigStudio/X11RenderComman 4.5ms
18:53:28  BitwigStudio/X11RenderComman 5.2ms  |  BitwigStudio/BitwigStudio 3.1ms
18:53:28  BitwigStudio/X11RenderComman 5.1ms  |  BitwigPluginHos/bitwig-remote-p 3.2ms
18:53:28  BitwigStudio/X11RenderComman 5.5ms
18:53:28  BitwigStudio/X11RenderComman 4.3ms  |  yabridge-host.e/ProcessMonitor 3.0ms
18:53:28  BitwigStudio/X11RenderComman 5.9ms  |  yabridge-host.e/ProcessMonitor 3.0ms
18:53:28  BitwigStudio/X11RenderComman 5.3ms
18:53:28  BitwigStudio/X11RenderComman 4.2ms  |  yabridge-host.e/ProcessMonitor 3.2ms
18:53:29  BitwigStudio/X11RenderComman 5.2ms  |  BitwigStudio/BitwigStudio 3.0ms
18:53:29  BitwigStudio/X11RenderComman 5.2ms
18:53:29  BitwigStudio/X11RenderComman 4.6ms  |  yabridge-host.e/ProcessMonitor 3.1ms
18:53:29  BitwigStudio/X11RenderComman 5.4ms
18:53:29  BitwigStudio/X11RenderComman 5.5ms
18:53:29  BitwigStudio/X11RenderComman 6.0ms  |  BitwigStudio/BitwigStudio 3.6ms
18:53:29  BitwigStudio/X11RenderComman 4.8ms  |  BitwigPluginHos/bitwig-remote-p 3.2ms  |  yabridge-host.e/ProcessMonitor 3.2ms  |  BitwigStudio/BitwigStudio 3.0ms
18:53:29  BitwigStudio/X11RenderComman 5.4ms  |  BitwigStudio/BitwigStudio 3.9ms
18:53:29  BitwigStudio/X11RenderComman 4.5ms
18:53:30  BitwigStudio/X11RenderComman 5.0ms
18:53:30  BitwigStudio/X11RenderComman 5.6ms  |  BitwigPluginHos/bitwig-remote-p 4.2ms  |  BitwigStudio/BitwigStudio 3.4ms
18:53:30  BitwigStudio/X11RenderComman 4.8ms  |  BitwigStudio/BitwigStudio 3.5ms  |  BitwigPluginHos/bitwig-remote-p 3.4ms
18:53:30  BitwigStudio/X11RenderComman 5.2ms
18:53:30  BitwigPluginHos/bitwig-remote-p 5.2ms  |  BitwigPluginHos/bitwig-remote-p 5.1ms  |  BitwigStudio/X11RenderComman 4.6ms
18:53:30  BitwigPluginHos/bitwig-remote-p 5.3ms  |  BitwigStudio/X11RenderComman 4.6ms  |  BitwigPluginHos/bitwig-remote-p 3.1ms
18:53:30  BitwigStudio/X11RenderComman 4.6ms  |  BitwigPluginHos/bitwig-remote-p 3.5ms  |  BitwigPluginHos/bitwig-remote-p 3.0ms
18:53:30  BitwigStudio/X11RenderComman 4.7ms
18:53:30  BitwigStudio/X11RenderComman 4.5ms
18:53:30  BitwigStudio/X11RenderComman 5.2ms
18:53:31  BitwigStudio/X11RenderComman 5.6ms
18:53:31  BitwigStudio/X11RenderComman 4.9ms
18:53:31  BitwigStudio/X11RenderComman 5.6ms  |  yabridge-host.e/ProcessMonitor 3.2ms  |  BitwigStudio/BitwigStudio 3.2ms
18:53:31  BitwigStudio/X11RenderComman 6.7ms  |  BitwigStudio/BitwigStudio 3.6ms
18:53:31  BitwigStudio/X11RenderComman 5.0ms  |  yabridge-host.e/ProcessMonitor 3.2ms  |  BitwigStudio/BitwigStudio 3.1ms
18:53:31  BitwigStudio/X11RenderComman 5.6ms
18:53:31  BitwigStudio/X11RenderComman 5.2ms  |  BitwigPluginHos/bitwig-remote-p 3.1ms  |  BitwigStudio/BitwigStudio 3.1ms
18:53:31  BitwigPluginHos/bitwig-remote-p 6.5ms  |  BitwigStudio/X11RenderComman 5.1ms  |  yabridge-host.e/ProcessMonitor 3.3ms
18:53:31  BitwigStudio/X11RenderComman 6.1ms  |  BitwigPluginHos/bitwig-remote-p 5.9ms
18:53:32  BitwigStudio/X11RenderComman 6.0ms  |  BitwigPluginHos/bitwig-remote-p 5.8ms
18:53:32  BitwigStudio/X11RenderComman 6.0ms  |  yabridge-host.e/ProcessMonitor 3.3ms  |  BitwigPluginHos/bitwig-remote-p 3.2ms
18:53:32  BitwigStudio/X11RenderComman 4.8ms  |  BitwigPluginHos/bitwig-remote-p 3.8ms  |  BitwigPluginHos/bitwig-remote-p 3.8ms
18:53:32  BitwigPluginHos/bitwig-remote-p 6.0ms  |  BitwigStudio/X11RenderComman 4.7ms  |  BitwigPluginHos/bitwig-remote-p 3.5ms
18:53:32  BitwigPluginHos/bitwig-remote-p 6.6ms  |  BitwigPluginHos/bitwig-remote-p 6.3ms  |  BitwigStudio/X11RenderComman 4.7ms
18:53:32  BitwigPluginHos/bitwig-remote-p 7.5ms  |  BitwigPluginHos/bitwig-remote-p 7.1ms  |  BitwigStudio/X11RenderComman 5.3ms  |  BitwigStudio/BitwigStudio 3.0ms
18:53:32  BitwigPluginHos/bitwig-remote-p 6.9ms  |  BitwigPluginHos/bitwig-remote-p 6.8ms  |  BitwigStudio/X11RenderComman 5.3ms
18:53:32  BitwigPluginHos/bitwig-remote-p 6.4ms  |  BitwigStudio/X11RenderComman 5.1ms
18:53:32  BitwigPluginHos/bitwig-remote-p 6.4ms  |  BitwigStudio/X11RenderComman 5.4ms
18:53:33  BitwigPluginHos/bitwig-remote-p 6.6ms  |  BitwigPluginHos/bitwig-remote-p 5.2ms  |  BitwigStudio/X11RenderComman 5.2ms
18:53:33  BitwigPluginHos/bitwig-remote-p 6.9ms  |  BitwigStudio/X11RenderComman 4.5ms  |  BitwigPluginHos/bitwig-remote-p 3.6ms
18:53:33  BitwigPluginHos/bitwig-remote-p 6.6ms  |  BitwigStudio/X11RenderComman 5.6ms  |  BitwigPluginHos/bitwig-remote-p 3.7ms
18:53:33  BitwigStudio/X11RenderComman 5.2ms  |  BitwigPluginHos/bitwig-remote-p 3.1ms
18:53:33  BitwigPluginHos/bitwig-remote-p 6.0ms  |  BitwigStudio/X11RenderComman 4.9ms  |  BitwigPluginHos/bitwig-remote-p 4.4ms  |  BitwigPluginHos/bitwig-remote-p 3.6ms
18:53:33  BitwigPluginHos/bitwig-remote-p 6.5ms  |  BitwigPluginHos/bitwig-remote-p 6.3ms  |  BitwigStudio/X11RenderComman 5.0ms  |  BitwigStudio/BitwigStudio 3.1ms
18:53:33  BitwigPluginHos/bitwig-remote-p 6.3ms  |  BitwigStudio/X11RenderComman 4.7ms
18:53:33  BitwigPluginHos/bitwig-remote-p 6.4ms  |  BitwigStudio/X11RenderComman 5.1ms
18:53:33  BitwigPluginHos/bitwig-remote-p 6.3ms  |  BitwigStudio/X11RenderComman 5.2ms  |  yabridge-host.e/ProcessMonitor 3.3ms  |  BitwigStudio/BitwigStudio 3.3ms
18:53:33  BitwigPluginHos/bitwig-remote-p 6.6ms  |  BitwigStudio/X11RenderComman 5.0ms
18:53:34  BitwigStudio/X11RenderComman 5.1ms  |  BitwigPluginHos/bitwig-remote-p 3.8ms  |  yabridge-host.e/ProcessMonitor 3.4ms
18:53:34  BitwigStudio/X11RenderComman 5.5ms  |  BitwigPluginHos/bitwig-remote-p 4.5ms
18:53:34  BitwigPluginHos/bitwig-remote-p 7.0ms  |  BitwigStudio/X11RenderComman 5.0ms
18:53:34  BitwigPluginHos/bitwig-remote-p 6.8ms  |  BitwigStudio/X11RenderComman 5.3ms  |  yabridge-host.e/ProcessMonitor 3.0ms
18:53:34  BitwigPluginHos/bitwig-remote-p 6.9ms  |  BitwigStudio/X11RenderComman 5.4ms
18:53:34  BitwigPluginHos/bitwig-remote-p 5.7ms  |  BitwigStudio/X11RenderComman 5.0ms  |  yabridge-host.e/audio 3.0ms
18:53:34  BitwigPluginHos/bitwig-remote-p 5.8ms  |  BitwigStudio/X11RenderComman 5.6ms  |  yabridge-host.e/ProcessMonitor 3.2ms
18:53:34  BitwigStudio/X11RenderComman 4.9ms
18:53:34  BitwigStudio/X11RenderComman 4.9ms
18:53:35  BitwigStudio/X11RenderComman 5.3ms
18:53:35  BitwigPluginHos/bitwig-remote-p 5.7ms  |  BitwigStudio/X11RenderComman 5.4ms
18:53:35  BitwigStudio/X11RenderComman 5.3ms
18:53:35  BitwigStudio/X11RenderComman 5.3ms
18:53:35  BitwigStudio/X11RenderComman 5.3ms
18:53:35  BitwigStudio/X11RenderComman 4.9ms
18:53:35  BitwigStudio/X11RenderComman 5.7ms  |  BitwigStudio/BitwigStudio 3.1ms
18:53:35  BitwigStudio/X11RenderComman 5.3ms  |  BitwigStudio/BitwigStudio 3.3ms
18:53:35  BitwigStudio/X11RenderComman 4.9ms  |  BitwigStudio/BitwigStudio 3.3ms
18:53:35  BitwigPluginHos/bitwig-remote-p 5.7ms  |  BitwigStudio/X11RenderComman 5.4ms
18:53:36  BitwigPluginHos/bitwig-remote-p 7.0ms  |  BitwigStudio/X11RenderComman 5.2ms
18:53:36  BitwigPluginHos/bitwig-remote-p 6.4ms  |  BitwigStudio/X11RenderComman 4.9ms
18:53:36  BitwigPluginHos/bitwig-remote-p 6.4ms  |  BitwigStudio/X11RenderComman 5.4ms  |  yabridge-host.e/ProcessMonitor 3.1ms  |  BitwigStudio/BitwigStudio 3.1ms
18:53:36  BitwigPluginHos/bitwig-remote-p 6.5ms  |  BitwigStudio/X11RenderComman 5.1ms
18:53:36  BitwigStudio/X11RenderComman 4.9ms  |  BitwigPluginHos/bitwig-remote-p 3.4ms  |  yabridge-host.e/ProcessMonitor 3.2ms
18:53:36  BitwigStudio/X11RenderComman 5.4ms  |  BitwigPluginHos/bitwig-remote-p 4.6ms  |  BitwigPluginHos/bitwig-remote-p 4.6ms
18:53:36  BitwigStudio/X11RenderComman 5.2ms  |  BitwigPluginHos/bitwig-remote-p 4.7ms
18:53:36  BitwigStudio/X11RenderComman 5.8ms  |  yabridge-host.e/ProcessMonitor 3.2ms
18:53:36  BitwigStudio/X11RenderComman 5.6ms  |  BitwigPluginHos/bitwig-remote-p 3.6ms  |  BitwigStudio/BitwigStudio 3.0ms
18:53:37  BitwigPluginHos/bitwig-remote-p 6.9ms  |  BitwigStudio/X11RenderComman 5.4ms  |  BitwigPluginHos/bitwig-remote-p 3.9ms
18:53:37  BitwigPluginHos/bitwig-remote-p 5.8ms  |  BitwigStudio/X11RenderComman 4.9ms  |  BitwigPluginHos/bitwig-remote-p 3.9ms
18:53:37  BitwigStudio/X11RenderComman 5.2ms  |  BitwigStudio/BitwigStudio 3.9ms  |  BitwigPluginHos/bitwig-remote-p 3.1ms  |  yabridge-host.e/ProcessMonitor 3.0ms
18:53:37  BitwigPluginHos/bitwig-remote-p 5.9ms  |  BitwigStudio/BitwigStudio 5.7ms  |  BitwigStudio/X11RenderComman 5.1ms  |  BitwigPluginHos/bitwig-remote-p 5.0ms
18:53:37  BitwigStudio/X11RenderComman 4.9ms  |  BitwigStudio/BitwigStudio 4.0ms
18:53:37  BitwigStudio/X11RenderComman 5.8ms  |  BitwigStudio/BitwigStudio 4.2ms
18:53:37  BitwigStudio/X11RenderComman 5.2ms  |  BitwigStudio/BitwigStudio 3.3ms
18:53:37  BitwigStudio/X11RenderComman 5.2ms  |  BitwigStudio/BitwigStudio 3.5ms
18:53:37  BitwigStudio/X11RenderComman 5.3ms
18:53:37  BitwigStudio/X11RenderComman 5.7ms
18:53:38  BitwigStudio/X11RenderComman 5.4ms
18:53:38  BitwigStudio/X11RenderComman 5.0ms
18:53:38  BitwigStudio/X11RenderComman 5.3ms
18:53:38  BitwigStudio/X11RenderComman 5.1ms  |  BitwigPluginHos/bitwig-remote-p 3.0ms
18:53:38  BitwigStudio/X11RenderComman 4.7ms
18:53:38  BitwigStudio/X11RenderComman 4.7ms
18:53:38  BitwigStudio/X11RenderComman 4.6ms
18:53:38  BitwigStudio/X11RenderComman 4.8ms  |  yabridge-host.e/ProcessMonitor 3.1ms
18:53:38  BitwigStudio/X11RenderComman 4.5ms
18:53:39  BitwigStudio/X11RenderComman 4.9ms  |  yabridge-host.e/ProcessMonitor 3.4ms
18:53:39  BitwigStudio/X11RenderComman 5.3ms
18:53:39  BitwigStudio/X11RenderComman 5.0ms
18:53:39  BitwigStudio/X11RenderComman 5.9ms  |  yabridge-host.e/ProcessMonitor 3.8ms
18:53:39  BitwigStudio/X11RenderComman 5.7ms
18:53:39  BitwigStudio/X11RenderComman 5.2ms  |  BitwigStudio/BitwigStudio 3.0ms
18:53:39  BitwigPluginHos/bitwig-remote-p 5.8ms  |  BitwigStudio/X11RenderComman 5.6ms
18:53:39  BitwigPluginHos/bitwig-remote-p 6.5ms  |  BitwigStudio/X11RenderComman 5.6ms  |  BitwigPluginHos/bitwig-remote-p 3.9ms
18:53:39  BitwigPluginHos/bitwig-remote-p 6.9ms  |  BitwigStudio/X11RenderComman 4.4ms
18:53:39  BitwigPluginHos/bitwig-remote-p 6.1ms  |  BitwigStudio/X11RenderComman 5.0ms
18:53:40  BitwigStudio/X11RenderComman 5.7ms  |  BitwigPluginHos/bitwig-remote-p 5.1ms  |  BitwigStudio/BitwigStudio 3.0ms
18:53:40  BitwigPluginHos/bitwig-remote-p 6.4ms  |  BitwigStudio/X11RenderComman 4.9ms
18:53:40  BitwigStudio/X11RenderComman 5.0ms  |  BitwigStudio/BitwigStudio 3.1ms
18:53:40  BitwigStudio/X11RenderComman 5.7ms  |  BitwigPluginHos/bitwig-remote-p 5.3ms
18:53:40  BitwigPluginHos/bitwig-remote-p 5.9ms  |  BitwigStudio/X11RenderComman 4.6ms  |  yabridge-host.e/audio 3.6ms  |  BitwigStudio/BitwigStudio 3.3ms
18:53:40  BitwigPluginHos/bitwig-remote-p 6.7ms  |  BitwigStudio/X11RenderComman 5.4ms  |  BitwigPluginHos/bitwig-remote-p 4.3ms  |  BitwigStudio/BitwigStudio 3.2ms
18:53:40  BitwigStudio/X11RenderComman 6.0ms  |  BitwigPluginHos/bitwig-remote-p 4.8ms
18:53:40  BitwigStudio/X11RenderComman 4.9ms  |  BitwigPluginHos/bitwig-remote-p 3.5ms
18:53:40  BitwigStudio/X11RenderComman 5.3ms  |  BitwigPluginHos/bitwig-remote-p 4.2ms  |  BitwigPluginHos/bitwig-remote-p 3.7ms
18:53:41  BitwigPluginHos/bitwig-remote-p 6.3ms  |  BitwigStudio/X11RenderComman 5.5ms  |  BitwigStudio/BitwigStudio 4.0ms  |  BitwigPluginHos/bitwig-remote-p 3.7ms
18:53:41  BitwigPluginHos/bitwig-remote-p 6.7ms  |  BitwigStudio/X11RenderComman 4.8ms  |  BitwigPluginHos/bitwig-remote-p 3.1ms
18:53:41  BitwigPluginHos/bitwig-remote-p 6.8ms  |  BitwigStudio/X11RenderComman 6.5ms  |  BitwigStudio/BitwigStudio 3.6ms
18:53:41  BitwigStudio/X11RenderComman 5.3ms  |  BitwigPluginHos/bitwig-remote-p 4.7ms  |  BitwigPluginHos/bitwig-remote-p 4.5ms  |  BitwigPluginHos/bitwig-remote-p 4.2ms
18:53:41  BitwigStudio/X11RenderComman 7.0ms  |  BitwigPluginHos/bitwig-remote-p 5.2ms  |  BitwigStudio/BitwigStudio 3.1ms
18:53:41  BitwigStudio/X11RenderComman 6.1ms  |  yabridge-host.e/ProcessMonitor 3.3ms  |  yabridge-host.e/ProcessMonitor 3.2ms
18:53:41  BitwigPluginHos/bitwig-remote-p 6.0ms  |  BitwigStudio/X11RenderComman 4.9ms  |  BitwigStudio/BitwigStudio 3.2ms
18:53:41  BitwigStudio/X11RenderComman 5.5ms
18:53:41  BitwigPluginHos/bitwig-remote-p 5.3ms  |  BitwigStudio/X11RenderComman 5.0ms  |  BitwigStudio/BitwigStudio 3.2ms  |  yabridge-host.e/audio 3.1ms
18:53:41  BitwigPluginHos/bitwig-remote-p 6.6ms  |  BitwigStudio/X11RenderComman 5.4ms
18:53:42  BitwigPluginHos/bitwig-remote-p 5.9ms  |  BitwigPluginHos/bitwig-remote-p 5.6ms  |  BitwigStudio/X11RenderComman 4.7ms  |  yabridge-host.e/ProcessMonitor 4.0ms
18:53:42  BitwigStudio/ZWorkerOld#2 7.1ms  |  BitwigStudio/X11RenderComman 5.6ms  |  BitwigStudio/BitwigStudio 4.1ms  |  BitwigPluginHos/bitwig-remote-p 3.9ms
18:53:42  BitwigStudio/ZWorkerOld#2 60.2ms  |  BitwigStudio/X11RenderComman 5.7ms  |  BitwigStudio/BitwigStudio 3.3ms
18:53:42  BitwigStudio/X11RenderComman 5.0ms  |  BitwigPluginHos/bitwig-remote-p 4.1ms  |  BitwigPluginHos/bitwig-remote-p 3.6ms  |  BitwigStudio/BitwigStudio 3.4ms
18:53:42  BitwigPluginHos/bitwig-remote-p 6.8ms  |  BitwigStudio/X11RenderComman 6.3ms
18:53:42  BitwigPluginHos/bitwig-remote-p 7.9ms  |  BitwigStudio/X11RenderComman 5.1ms  |  BitwigPluginHos/bitwig-remote-p 4.2ms  |  yabridge-host.e/worker 3.1ms
18:53:42  BitwigPluginHos/bitwig-remote-p 6.9ms  |  BitwigStudio/X11RenderComman 4.3ms  |  BitwigPluginHos/bitwig-remote-p 3.5ms  |  BitwigPluginHos/bitwig-remote-p 3.3ms
18:53:42  BitwigPluginHos/bitwig-remote-p 6.2ms  |  BitwigStudio/X11RenderComman 5.4ms
18:53:42  BitwigStudio/X11RenderComman 5.5ms  |  BitwigAudioEngi/audio-12 3.9ms  |  BitwigAudioEngi/audio-26 3.9ms
18:53:43  BitwigPluginHos/bitwig-remote-p 6.9ms  |  BitwigStudio/X11RenderComman 4.7ms
18:53:43  BitwigStudio/X11RenderComman 5.3ms  |  BitwigPluginHos/bitwig-remote-p 4.6ms  |  BitwigPluginHos/bitwig-remote-p 4.4ms  |  yabridge-host.e/audio 4.0ms
18:53:43  BitwigPluginHos/bitwig-remote-p 5.6ms  |  BitwigStudio/X11RenderComman 5.4ms  |  BitwigPluginHos/bitwig-remote-p 4.1ms  |  yabridge-host.e/audio 3.9ms
18:53:43  BitwigPluginHos/bitwig-remote-p 5.9ms  |  BitwigStudio/X11RenderComman 4.7ms
18:53:43  BitwigStudio/X11RenderComman 4.7ms
18:53:43  BitwigPluginHos/bitwig-remote-p 5.0ms  |  BitwigStudio/X11RenderComman 5.0ms  |  BitwigPluginHos/bitwig-remote-p 3.7ms
18:53:43  BitwigPluginHos/bitwig-remote-p 6.7ms  |  BitwigStudio/X11RenderComman 5.2ms  |  BitwigPluginHos/bitwig-remote-p 3.6ms  |  BitwigStudio/BitwigStudio 3.4ms
18:53:43  BitwigPluginHos/bitwig-remote-p 7.0ms  |  BitwigStudio/X11RenderComman 4.1ms
18:53:43  BitwigStudio/X11RenderComman 5.0ms
18:53:43  BitwigStudio/X11RenderComman 4.8ms  |  BitwigPluginHos/bitwig-remote-p 4.1ms  |  yabridge-host.e/ProcessMonitor 3.1ms  |  BitwigStudio/BitwigStudio 3.1ms
18:53:44  BitwigStudio/X11RenderComman 4.3ms  |  yabridge-host.e/ProcessMonitor 3.9ms
18:53:44  BitwigStudio/X11RenderComman 4.5ms  |  BitwigPluginHos/bitwig-remote-p 4.0ms
18:53:44  BitwigPluginHos/bitwig-remote-p 6.1ms  |  BitwigStudio/X11RenderComman 4.8ms  |  yabridge-host.e/audio 3.4ms
18:53:44  BitwigPluginHos/bitwig-remote-p 6.9ms  |  BitwigStudio/X11RenderComman 4.2ms  |  yabridge-host.e/audio 3.4ms
18:53:44  BitwigPluginHos/bitwig-remote-p 7.4ms  |  yabridge-host.e/audio 4.2ms  |  BitwigStudio/X11RenderComman 4.1ms  |  BitwigPluginHos/bitwig-remote-p 3.6ms
18:53:44  BitwigPluginHos/bitwig-remote-p 6.1ms  |  BitwigPluginHos/bitwig-remote-p 5.1ms  |  BitwigStudio/X11RenderComman 4.3ms  |  yabridge-host.e/ProcessMonitor 3.2ms
18:53:44  BitwigPluginHos/bitwig-remote-p 4.7ms  |  BitwigPluginHos/bitwig-remote-p 4.0ms  |  BitwigStudio/X11RenderComman 3.9ms
18:53:44  BitwigPluginHos/bitwig-remote-p 6.1ms  |  BitwigStudio/X11RenderComman 3.9ms
18:53:44  BitwigPluginHos/bitwig-remote-p 6.2ms  |  BitwigStudio/X11RenderComman 3.9ms
18:53:45  BitwigPluginHos/bitwig-remote-p 5.6ms  |  BitwigStudio/X11RenderComman 4.2ms
18:53:45  BitwigPluginHos/bitwig-remote-p 6.7ms  |  BitwigPluginHos/bitwig-remote-p 6.3ms  |  BitwigStudio/X11RenderComman 4.1ms
18:53:45  BitwigPluginHos/bitwig-remote-p 6.6ms  |  BitwigPluginHos/bitwig-remote-p 6.5ms  |  BitwigStudio/X11RenderComman 4.3ms  |  yabridge-host.e/audio 3.7ms
18:53:45  BitwigPluginHos/bitwig-remote-p 7.0ms  |  BitwigPluginHos/bitwig-remote-p 6.9ms  |  yabridge-host.e/audio 4.9ms  |  BitwigStudio/X11RenderComman 3.8ms
18:53:45  BitwigPluginHos/bitwig-remote-p 6.3ms  |  BitwigPluginHos/bitwig-remote-p 6.0ms  |  BitwigStudio/X11RenderComman 3.7ms  |  yabridge-host.e/audio 3.4ms
18:53:45  BitwigPluginHos/bitwig-remote-p 6.2ms  |  BitwigPluginHos/bitwig-remote-p 4.3ms  |  BitwigStudio/X11RenderComman 3.5ms  |  yabridge-host.e/audio 3.5ms
18:53:45  BitwigPluginHos/bitwig-remote-p 6.0ms  |  BitwigPluginHos/bitwig-remote-p 5.8ms  |  BitwigStudio/X11RenderComman 3.7ms  |  yabridge-host.e/audio 3.7ms
18:53:45  BitwigPluginHos/bitwig-remote-p 5.7ms  |  BitwigPluginHos/bitwig-remote-p 4.8ms  |  BitwigPluginHos/bitwig-remote-p 4.4ms  |  BitwigStudio/X11RenderComman 3.8ms
18:53:45  BitwigPluginHos/bitwig-remote-p 5.8ms  |  BitwigPluginHos/bitwig-remote-p 3.8ms  |  BitwigStudio/X11RenderComman 3.7ms  |  yabridge-host.e/audio 3.6ms
18:53:46  BitwigPluginHos/bitwig-remote-p 5.3ms  |  yabridge-host.e/audio 4.4ms  |  BitwigStudio/X11RenderComman 4.1ms  |  BitwigPluginHos/bitwig-remote-p 3.6ms
18:53:46  BitwigStudio/X11RenderComman 4.1ms
18:53:46  BitwigPluginHos/bitwig-remote-p 4.8ms  |  BitwigStudio/X11RenderComman 4.4ms
18:53:46  BitwigPluginHos/bitwig-remote-p 6.4ms  |  BitwigStudio/X11RenderComman 4.6ms  |  yabridge-host.e/ProcessMonitor 3.2ms
18:53:46  BitwigPluginHos/bitwig-remote-p 6.3ms  |  BitwigStudio/X11RenderComman 4.0ms
18:53:46  BitwigPluginHos/bitwig-remote-p 5.6ms  |  BitwigStudio/X11RenderComman 3.8ms  |  yabridge-host.e/ProcessMonitor 3.3ms
18:53:46  BitwigStudio/X11RenderComman 4.2ms  |  BitwigStudio/BitwigStudio 3.5ms  |  yabridge-host.e/ProcessMonitor 3.3ms
18:53:46  BitwigPluginHos/bitwig-remote-p 6.5ms  |  BitwigStudio/X11RenderComman 3.6ms
18:53:46  BitwigPluginHos/bitwig-remote-p 6.7ms  |  BitwigStudio/X11RenderComman 4.1ms  |  BitwigPluginHos/bitwig-remote-p 3.4ms
18:53:46  BitwigPluginHos/bitwig-remote-p 5.3ms  |  BitwigStudio/X11RenderComman 4.0ms
18:53:47  BitwigPluginHos/bitwig-remote-p 6.1ms  |  BitwigStudio/X11RenderComman 4.1ms  |  BitwigStudio/BitwigStudio 3.3ms
18:53:47  BitwigPluginHos/bitwig-remote-p 6.0ms  |  BitwigPluginHos/bitwig-remote-p 4.2ms  |  BitwigStudio/X11RenderComman 3.9ms  |  yabridge-host.e/ProcessMonitor 3.3ms
18:53:47  BitwigPluginHos/bitwig-remote-p 7.0ms  |  BitwigPluginHos/bitwig-remote-p 4.7ms  |  BitwigStudio/X11RenderComman 3.9ms
18:53:47  BitwigPluginHos/bitwig-remote-p 6.6ms  |  BitwigPluginHos/bitwig-remote-p 6.4ms  |  BitwigStudio/X11RenderComman 4.3ms
18:53:47  BitwigStudio/X11RenderComman 3.6ms  |  BitwigStudio/BitwigStudio 3.5ms
18:53:47  BitwigPluginHos/bitwig-remote-p 6.7ms  |  BitwigStudio/X11RenderComman 4.0ms  |  BitwigStudio/BitwigStudio 3.0ms
18:53:47  BitwigPluginHos/bitwig-remote-p 6.7ms  |  BitwigStudio/X11RenderComman 3.8ms
18:53:47  BitwigPluginHos/bitwig-remote-p 6.9ms  |  BitwigStudio/X11RenderComman 3.9ms
18:53:47  BitwigStudio/X11RenderComman 4.0ms  |  BitwigPluginHos/bitwig-remote-p 3.6ms
18:53:48  BitwigStudio/X11RenderComman 4.0ms  |  BitwigPluginHos/bitwig-remote-p 3.5ms
18:53:48  BitwigPluginHos/bitwig-remote-p 6.2ms  |  BitwigStudio/X11RenderComman 3.7ms
18:53:48  BitwigPluginHos/bitwig-remote-p 5.8ms  |  BitwigStudio/X11RenderComman 4.1ms
18:53:48  BitwigPluginHos/bitwig-remote-p 6.7ms  |  BitwigStudio/X11RenderComman 4.1ms
18:53:48  BitwigPluginHos/bitwig-remote-p 6.0ms  |  BitwigStudio/X11RenderComman 3.4ms
18:53:48  BitwigPluginHos/bitwig-remote-p 6.6ms  |  BitwigStudio/X11RenderComman 4.0ms  |  yabridge-host.e/ProcessMonitor 3.2ms
18:53:48  BitwigPluginHos/bitwig-remote-p 6.2ms  |  BitwigStudio/X11RenderComman 4.0ms
18:53:48  BitwigPluginHos/bitwig-remote-p 6.1ms  |  BitwigStudio/X11RenderComman 3.7ms
18:53:48  BitwigPluginHos/bitwig-remote-p 7.0ms  |  BitwigStudio/X11RenderComman 3.9ms
18:53:48  BitwigPluginHos/bitwig-remote-p 6.4ms  |  BitwigStudio/X11RenderComman 5.0ms
18:53:49  BitwigStudio/X11RenderComman 4.9ms  |  BitwigPluginHos/bitwig-remote-p 3.6ms  |  yabridge-host.e/ProcessMonitor 3.3ms  |  yabridge-host.e/ProcessMonitor 3.0ms
18:53:49  BitwigPluginHos/bitwig-remote-p 6.7ms  |  BitwigStudio/X11RenderComman 3.9ms  |  BitwigStudio/BitwigStudio 3.1ms
18:53:49  BitwigPluginHos/bitwig-remote-p 5.2ms  |  BitwigStudio/X11RenderComman 4.4ms
18:53:49  BitwigPluginHos/bitwig-remote-p 5.5ms  |  BitwigStudio/X11RenderComman 4.8ms
18:53:49  BitwigPluginHos/bitwig-remote-p 4.4ms  |  BitwigStudio/X11RenderComman 4.4ms
18:53:49  BitwigStudio/X11RenderComman 4.6ms  |  yabridge-host.e/ProcessMonitor 3.9ms
18:53:49  BitwigStudio/X11RenderComman 4.5ms  |  yabridge-host.e/ProcessMonitor 3.0ms
18:53:49  BitwigStudio/X11RenderComman 5.4ms
18:53:49  BitwigStudio/X11RenderComman 5.1ms
18:53:50  BitwigStudio/X11RenderComman 4.6ms  |  BitwigPluginHos/bitwig-remote-p 4.6ms
18:53:50  BitwigStudio/X11RenderComman 5.4ms
18:53:50  BitwigStudio/X11RenderComman 5.5ms  |  BitwigStudio/BitwigStudio 3.7ms
18:53:50  BitwigStudio/X11RenderComman 5.0ms
18:53:50  BitwigStudio/X11RenderComman 5.5ms
18:53:50  BitwigStudio/X11RenderComman 5.6ms  |  BitwigStudio/BitwigStudio 3.0ms
18:53:50  BitwigStudio/X11RenderComman 5.7ms  |  BitwigStudio/BitwigStudio 3.3ms
18:53:50  BitwigStudio/X11RenderComman 5.9ms
18:53:50  BitwigStudio/X11RenderComman 5.9ms  |  BitwigStudio/BitwigStudio 3.0ms
18:53:50  BitwigStudio/X11RenderComman 5.3ms
18:53:51  BitwigStudio/X11RenderComman 6.0ms  |  BitwigStudio/BitwigStudio 3.5ms  |  yabridge-host.e/ProcessMonitor 3.2ms
18:53:51  BitwigStudio/X11RenderComman 6.2ms
18:53:51  BitwigStudio/X11RenderComman 5.5ms  |  yabridge-host.e/ProcessMonitor 3.1ms
18:53:51  BitwigStudio/X11RenderComman 6.2ms  |  BitwigPluginHos/bitwig-remote-p 5.7ms
18:53:51  BitwigPluginHos/bitwig-remote-p 7.1ms  |  BitwigStudio/X11RenderComman 5.8ms  |  yabridge-host.e/ProcessMonitor 3.8ms  |  BitwigStudio/BitwigStudio 3.7ms
18:53:51  BitwigStudio/X11RenderComman 5.1ms  |  yabridge-host.e/ProcessMonitor 3.1ms
18:53:51  BitwigPluginHos/bitwig-remote-p 7.1ms  |  BitwigStudio/X11RenderComman 5.5ms
18:53:51  BitwigStudio/X11RenderComman 5.6ms  |  BitwigPluginHos/bitwig-remote-p 5.4ms
18:53:51  BitwigPluginHos/bitwig-remote-p 6.0ms  |  BitwigStudio/X11RenderComman 5.3ms  |  BitwigPluginHos/bitwig-remote-p 3.7ms
18:53:52  BitwigStudio/X11RenderComman 5.1ms  |  BitwigPluginHos/bitwig-remote-p 4.7ms  |  BitwigPluginHos/bitwig-remote-p 3.3ms
18:53:52  BitwigStudio/X11RenderComman 6.1ms  |  BitwigPluginHos/bitwig-remote-p 4.9ms  |  yabridge-host.e/ProcessMonitor 3.3ms
18:53:52  BitwigStudio/X11RenderComman 5.4ms  |  yabridge-host.e/ProcessMonitor 3.1ms  |  BitwigStudio/BitwigStudio 3.1ms
18:53:52  BitwigStudio/X11RenderComman 5.1ms
18:53:52  BitwigStudio/X11RenderComman 5.5ms  |  BitwigPluginHos/bitwig-remote-p 3.8ms
18:53:52  BitwigPluginHos/bitwig-remote-p 6.5ms  |  BitwigStudio/X11RenderComman 5.3ms
18:53:52  BitwigPluginHos/bitwig-remote-p 7.0ms  |  BitwigStudio/X11RenderComman 5.0ms
18:53:52  BitwigPluginHos/bitwig-remote-p 7.1ms  |  BitwigPluginHos/bitwig-remote-p 6.6ms  |  BitwigStudio/X11RenderComman 4.9ms
18:53:52  BitwigStudio/X11RenderComman 5.3ms
18:53:52  BitwigStudio/X11RenderComman 5.0ms
18:53:53  BitwigStudio/X11RenderComman 5.3ms  |  BitwigStudio/BitwigStudio 3.1ms
18:53:53  BitwigStudio/X11RenderComman 5.2ms
18:53:53  BitwigStudio/X11RenderComman 4.7ms
18:53:53  BitwigStudio/X11RenderComman 5.0ms  |  BitwigPluginHos/bitwig-remote-p 3.0ms
18:53:53  BitwigStudio/X11RenderComman 5.2ms  |  BitwigPluginHos/bitwig-remote-p 4.7ms  |  yabridge-host.e/ProcessMonitor 3.3ms
18:53:53  BitwigStudio/X11RenderComman 5.6ms  |  BitwigStudio/BitwigStudio 3.7ms
18:53:53  BitwigStudio/X11RenderComman 5.5ms
18:53:53  BitwigStudio/X11RenderComman 5.5ms  |  BitwigPluginHos/bitwig-remote-p 4.9ms  |  yabridge-host.e/ProcessMonitor 3.2ms
18:53:53  BitwigPluginHos/bitwig-remote-p 5.8ms  |  BitwigStudio/X11RenderComman 5.1ms
18:53:54  BitwigStudio/X11RenderComman 5.3ms  |  yabridge-host.e/ProcessMonitor 3.8ms
18:53:54  BitwigStudio/X11RenderComman 5.9ms  |  yabridge-host.e/ProcessMonitor 3.4ms  |  BitwigStudio/BitwigStudio 3.0ms
18:53:54  BitwigStudio/X11RenderComman 5.4ms  |  BitwigPluginHos/bitwig-remote-p 4.4ms
18:53:54  BitwigStudio/X11RenderComman 6.0ms  |  BitwigPluginHos/bitwig-remote-p 5.1ms  |  BitwigStudio/BitwigStudio 3.1ms
18:53:54  BitwigStudio/X11RenderComman 6.0ms  |  BitwigStudio/BitwigStudio 3.7ms
18:53:54  BitwigPluginHos/bitwig-remote-p 6.3ms  |  BitwigStudio/X11RenderComman 5.1ms  |  BitwigPluginHos/bitwig-remote-p 4.6ms
18:53:54  BitwigStudio/X11RenderComman 5.6ms  |  BitwigPluginHos/bitwig-remote-p 5.4ms  |  BitwigPluginHos/bitwig-remote-p 3.4ms  |  yabridge-host.e/ProcessMonitor 3.1ms
18:53:54  BitwigStudio/X11RenderComman 6.0ms  |  BitwigPluginHos/bitwig-remote-p 3.9ms  |  yabridge-host.e/ProcessMonitor 3.7ms
18:53:54  BitwigStudio/X11RenderComman 5.4ms
18:53:54  BitwigStudio/X11RenderComman 5.0ms
18:53:55  BitwigStudio/X11RenderComman 5.5ms  |  BitwigPluginHos/bitwig-remote-p 3.6ms  |  BitwigStudio/BitwigStudio 3.0ms
18:53:55  BitwigStudio/X11RenderComman 4.8ms
18:53:55  BitwigStudio/X11RenderComman 5.3ms  |  BitwigStudio/BitwigStudio 3.1ms
18:53:55  BitwigStudio/X11RenderComman 4.9ms
18:53:55  BitwigStudio/X11RenderComman 5.4ms
18:53:55  BitwigStudio/X11RenderComman 5.7ms
18:53:55  BitwigStudio/X11RenderComman 5.1ms  |  BitwigStudio/BitwigStudio 3.1ms
18:53:55  BitwigStudio/X11RenderComman 6.2ms  |  BitwigStudio/BitwigStudio 4.6ms
18:53:55  BitwigStudio/X11RenderComman 6.2ms  |  BitwigStudio/BitwigStudio 3.8ms
18:53:56  BitwigStudio/X11RenderComman 4.8ms  |  yabridge-host.e/ProcessMonitor 3.1ms
18:53:56  BitwigStudio/X11RenderComman 5.6ms
18:53:56  BitwigStudio/X11RenderComman 5.4ms
18:53:56  BitwigStudio/X11RenderComman 5.2ms
18:53:56  BitwigStudio/X11RenderComman 5.4ms
18:53:56  BitwigStudio/X11RenderComman 5.3ms  |  yabridge-host.e/ProcessMonitor 3.2ms
18:53:56  BitwigStudio/X11RenderComman 5.1ms
18:53:56  BitwigStudio/X11RenderComman 5.3ms
18:53:56  BitwigStudio/X11RenderComman 5.8ms  |  BitwigStudio/BitwigStudio 3.9ms
18:53:56  BitwigStudio/X11RenderComman 4.6ms  |  BitwigStudio/BitwigStudio 3.1ms
18:53:57  BitwigStudio/X11RenderComman 4.9ms  |  yabridge-host.e/ProcessMonitor 3.1ms
18:53:57  BitwigStudio/X11RenderComman 5.4ms  |  yabridge-host.e/ProcessMonitor 3.2ms
18:53:57  BitwigStudio/X11RenderComman 5.1ms  |  BitwigPluginHos/bitwig-remote-p 3.7ms
18:53:57  BitwigStudio/X11RenderComman 5.8ms  |  BitwigPluginHos/bitwig-remote-p 3.8ms
18:53:57  BitwigStudio/X11RenderComman 6.1ms  |  BitwigPluginHos/bitwig-remote-p 4.4ms
18:53:57  BitwigPluginHos/bitwig-remote-p 6.4ms  |  BitwigStudio/X11RenderComman 4.7ms
18:53:57  BitwigStudio/X11RenderComman 5.2ms
18:53:57  BitwigStudio/X11RenderComman 5.5ms
18:53:57  BitwigStudio/X11RenderComman 5.6ms  |  BitwigPluginHos/bitwig-remote-p 4.9ms
18:53:58  BitwigStudio/X11RenderComman 5.0ms  |  BitwigPluginHos/bitwig-remote-p 3.5ms
18:53:58  BitwigStudio/X11RenderComman 6.0ms
18:53:58  BitwigPluginHos/bitwig-remote-p 6.4ms  |  BitwigStudio/X11RenderComman 4.9ms  |  BitwigStudio/BitwigStudio 3.6ms
18:53:58  BitwigStudio/X11RenderComman 5.9ms  |  BitwigStudio/BitwigStudio 4.0ms  |  BitwigPluginHos/bitwig-remote-p 3.8ms
18:53:58  BitwigStudio/X11RenderComman 5.2ms  |  BitwigPluginHos/bitwig-remote-p 4.5ms  |  BitwigStudio/BitwigStudio 4.3ms
18:53:58  BitwigStudio/X11RenderComman 5.4ms  |  BitwigStudio/BitwigStudio 3.8ms  |  yabridge-host.e/ProcessMonitor 3.2ms  |  BitwigPluginHos/bitwig-remote-p 3.2ms
18:53:58  BitwigStudio/X11RenderComman 4.8ms
18:53:58  BitwigStudio/X11RenderComman 6.5ms  |  BitwigPluginHos/bitwig-remote-p 4.3ms
18:53:58  BitwigStudio/X11RenderComman 5.2ms
18:53:59  BitwigStudio/X11RenderComman 5.5ms
18:53:59  BitwigStudio/X11RenderComman 5.2ms  |  yabridge-host.e/ProcessMonitor 3.5ms
18:53:59  BitwigStudio/X11RenderComman 5.8ms
18:53:59  BitwigStudio/X11RenderComman 5.5ms  |  BitwigStudio/BitwigStudio 3.1ms
18:53:59  BitwigStudio/X11RenderComman 4.7ms
18:53:59  BitwigStudio/X11RenderComman 5.5ms  |  BitwigPluginHos/bitwig-remote-p 3.5ms
18:53:59  BitwigStudio/X11RenderComman 6.0ms  |  yabridge-host.e/ProcessMonitor 3.2ms
18:53:59  BitwigPluginHos/bitwig-remote-p 6.2ms  |  BitwigStudio/X11RenderComman 4.8ms  |  yabridge-host.e/ProcessMonitor 3.2ms
18:53:59  BitwigPluginHos/bitwig-remote-p 6.0ms  |  BitwigStudio/X11RenderComman 5.0ms
18:53:59  BitwigStudio/ZWorkerOld#1 68.5ms  |  BitwigStudio/X11RenderComman 6.2ms  |  BitwigPluginHos/bitwig-remote-p 3.7ms  |  BitwigStudio/BitwigStudio 3.4ms
18:54:00  BitwigStudio/X11RenderComman 4.9ms
18:54:00  BitwigStudio/X11RenderComman 5.4ms  |  BitwigStudio/BitwigStudio 3.2ms
18:54:00  BitwigStudio/X11RenderComman 5.2ms
18:54:00  BitwigStudio/X11RenderComman 5.2ms
18:54:00  BitwigStudio/X11RenderComman 5.0ms
18:54:00  BitwigStudio/X11RenderComman 5.2ms
18:54:00  BitwigStudio/X11RenderComman 5.9ms  |  BitwigStudio/BitwigStudio 3.4ms
18:54:00  BitwigStudio/X11RenderComman 5.4ms  |  BitwigStudio/BitwigStudio 3.3ms
18:54:00  BitwigStudio/X11RenderComman 5.1ms  |  BitwigPluginHos/bitwig-remote-p 3.5ms
18:54:01  BitwigStudio/X11RenderComman 4.4ms  |  BitwigStudio/BitwigStudio 4.1ms  |  yabridge-host.e/ProcessMonitor 3.4ms
18:54:01  BitwigStudio/X11RenderComman 6.8ms  |  BitwigStudio/BitwigStudio 3.4ms
18:54:01  BitwigStudio/X11RenderComman 6.2ms  |  BitwigStudio/BitwigStudio 3.2ms
18:54:01  BitwigStudio/X11RenderComman 5.0ms  |  yabridge-host.e/ProcessMonitor 3.2ms
18:54:01  BitwigStudio/X11RenderComman 5.6ms
18:54:01  BitwigStudio/X11RenderComman 5.1ms
18:54:01  BitwigStudio/X11RenderComman 4.6ms  |  yabridge-host.e/ProcessMonitor 3.7ms
18:54:01  BitwigStudio/X11RenderComman 5.0ms
18:54:01  BitwigStudio/X11RenderComman 5.9ms
18:54:01  BitwigStudio/X11RenderComman 5.3ms
18:54:02  BitwigStudio/X11RenderComman 7.2ms  |  BitwigStudio/BitwigStudio 3.0ms
18:54:02  BitwigStudio/X11RenderComman 6.4ms  |  yabridge-host.e/ProcessMonitor 3.1ms
18:54:02  BitwigStudio/X11RenderComman 6.8ms  |  yabridge-host.e/ProcessMonitor 3.1ms
18:54:02  BitwigStudio/X11RenderComman 5.3ms  |  BitwigStudio/BitwigStudio 3.1ms
18:54:02  BitwigStudio/X11RenderComman 5.5ms  |  BitwigPluginHos/bitwig-remote-p 3.2ms
18:54:02  BitwigStudio/X11RenderComman 5.8ms  |  BitwigStudio/BitwigStudio 3.2ms
18:54:02  BitwigStudio/X11RenderComman 4.9ms
18:54:02  BitwigStudio/X11RenderComman 5.9ms  |  BitwigPluginHos/bitwig-remote-p 3.5ms
18:54:02  BitwigStudio/X11RenderComman 5.4ms  |  BitwigPluginHos/bitwig-remote-p 3.1ms
18:54:03  BitwigStudio/X11RenderComman 4.7ms
18:54:03  BitwigStudio/X11RenderComman 5.9ms
18:54:03  BitwigStudio/X11RenderComman 5.2ms
18:54:03  BitwigStudio/X11RenderComman 5.3ms
18:54:03  BitwigStudio/X11RenderComman 4.9ms
18:54:03  BitwigStudio/X11RenderComman 4.8ms  |  yabridge-host.e/ProcessMonitor 3.2ms
18:54:03  BitwigStudio/X11RenderComman 4.8ms
18:54:03  BitwigStudio/X11RenderComman 5.7ms  |  BitwigPluginHos/bitwig-remote-p 3.6ms
18:54:03  BitwigStudio/X11RenderComman 5.9ms  |  BitwigPluginHos/bitwig-remote-p 4.0ms  |  yabridge-host.e/ProcessMonitor 3.3ms  |  BitwigStudio/BitwigStudio 3.2ms
18:54:03  BitwigStudio/X11RenderComman 5.7ms
18:54:04  BitwigStudio/X11RenderComman 5.7ms  |  yabridge-host.e/ProcessMonitor 3.1ms
18:54:04  BitwigStudio/X11RenderComman 5.8ms
18:54:04  BitwigStudio/X11RenderComman 5.1ms
18:54:04  BitwigStudio/X11RenderComman 6.3ms
18:54:04  BitwigStudio/X11RenderComman 5.7ms
18:54:04  BitwigStudio/X11RenderComman 5.2ms
18:54:04  BitwigStudio/X11RenderComman 5.8ms
18:54:04  BitwigStudio/X11RenderComman 6.0ms
18:54:04  BitwigStudio/X11RenderComman 5.8ms
18:54:05  BitwigStudio/X11RenderComman 5.1ms
18:54:05  BitwigStudio/X11RenderComman 5.5ms  |  BitwigPluginHos/bitwig-remote-p 4.3ms
18:54:05  BitwigPluginHos/bitwig-remote-p 6.0ms  |  BitwigStudio/X11RenderComman 5.5ms  |  BitwigStudio/BitwigStudio 3.1ms
18:54:05  BitwigStudio/X11RenderComman 4.5ms  |  BitwigPluginHos/bitwig-remote-p 3.7ms
18:54:05  BitwigStudio/X11RenderComman 5.2ms
18:54:05  BitwigStudio/X11RenderComman 4.4ms  |  BitwigPluginHos/bitwig-remote-p 3.2ms
18:54:05  BitwigStudio/X11RenderComman 4.8ms
18:54:05  BitwigStudio/X11RenderComman 5.6ms  |  BitwigPluginHos/bitwig-remote-p 3.1ms
18:54:05  BitwigStudio/X11RenderComman 5.6ms
18:54:05  BitwigStudio/X11RenderComman 4.8ms
18:54:06  BitwigStudio/X11RenderComman 5.2ms  |  BitwigPluginHos/bitwig-remote-p 4.3ms  |  BitwigStudio/BitwigStudio 3.3ms  |  yabridge-host.e/ProcessMonitor 3.2ms
18:54:06  BitwigStudio/X11RenderComman 4.9ms  |  BitwigStudio/BitwigStudio 3.1ms
18:54:06  BitwigStudio/X11RenderComman 4.3ms  |  yabridge-host.e/ProcessMonitor 3.5ms
18:54:06  BitwigStudio/X11RenderComman 4.6ms  |  BitwigStudio/BitwigStudio 3.0ms
18:54:06  BitwigStudio/X11RenderComman 4.8ms
18:54:06  BitwigStudio/X11RenderComman 4.3ms
18:54:06  BitwigStudio/X11RenderComman 4.4ms  |  BitwigPluginHos/bitwig-remote-p 4.3ms
18:54:06  BitwigPluginHos/bitwig-remote-p 6.3ms  |  BitwigStudio/X11RenderComman 4.4ms
18:54:06  BitwigPluginHos/bitwig-remote-p 6.8ms  |  BitwigStudio/X11RenderComman 4.1ms
18:54:07  BitwigPluginHos/bitwig-remote-p 5.1ms  |  BitwigStudio/X11RenderComman 4.8ms
18:54:07  BitwigPluginHos/bitwig-remote-p 6.4ms  |  BitwigStudio/X11RenderComman 5.2ms
18:54:07  BitwigPluginHos/bitwig-remote-p 6.3ms  |  BitwigStudio/X11RenderComman 4.8ms  |  yabridge-host.e/ProcessMonitor 3.2ms
18:54:07  BitwigStudio/X11RenderComman 5.0ms  |  BitwigStudio/BitwigStudio 4.3ms
18:54:07  BitwigStudio/X11RenderComman 4.2ms  |  BitwigStudio/BitwigStudio 3.1ms
18:54:07  BitwigStudio/X11RenderComman 4.0ms
18:54:07  BitwigStudio/X11RenderComman 4.3ms  |  BitwigStudio/BitwigStudio 3.0ms
18:54:07  BitwigPluginHos/bitwig-remote-p 4.1ms  |  BitwigStudio/X11RenderComman 4.0ms  |  BitwigStudio/BitwigStudio 3.3ms
18:54:07  BitwigPluginHos/bitwig-remote-p 7.2ms  |  BitwigStudio/X11RenderComman 3.5ms
18:54:07  BitwigPluginHos/bitwig-remote-p 4.6ms  |  BitwigStudio/X11RenderComman 3.6ms
18:54:08  BitwigStudio/X11RenderComman 4.1ms
18:54:08  BitwigStudio/X11RenderComman 4.8ms
18:54:08  BitwigStudio/X11RenderComman 4.0ms
18:54:08  BitwigStudio/X11RenderComman 4.4ms
18:54:08  BitwigStudio/X11RenderComman 3.6ms  |  yabridge-host.e/ProcessMonitor 3.3ms
18:54:08  BitwigStudio/X11RenderComman 4.0ms
18:54:08  BitwigStudio/X11RenderComman 4.5ms  |  BitwigPluginHos/bitwig-remote-p 4.0ms
18:54:08  BitwigPluginHos/bitwig-remote-p 6.0ms  |  BitwigStudio/X11RenderComman 3.7ms  |  yabridge-host.e/ProcessMonitor 3.2ms
18:54:08  BitwigPluginHos/bitwig-remote-p 5.4ms  |  BitwigStudio/X11RenderComman 4.7ms
18:54:09  BitwigStudio/X11RenderComman 5.0ms  |  BitwigStudio/BitwigStudio 3.0ms
18:54:09  BitwigStudio/X11RenderComman 5.6ms  |  yabridge-host.e/ProcessMonitor 3.7ms
18:54:09  BitwigStudio/X11RenderComman 5.3ms
18:54:09  BitwigStudio/X11RenderComman 4.5ms
18:54:09  BitwigPluginHos/bitwig-remote-p 5.6ms  |  BitwigStudio/X11RenderComman 5.0ms
18:54:09  BitwigStudio/X11RenderComman 5.9ms
18:54:09  BitwigStudio/X11RenderComman 5.0ms
18:54:09  BitwigStudio/X11RenderComman 5.4ms
18:54:09  BitwigStudio/X11RenderComman 5.7ms
18:54:10  BitwigStudio/X11RenderComman 4.5ms
18:54:10  BitwigStudio/X11RenderComman 5.0ms
18:54:10  BitwigStudio/X11RenderComman 5.7ms
18:54:10  BitwigStudio/X11RenderComman 4.8ms
18:54:10  BitwigStudio/X11RenderComman 5.4ms  |  BitwigPluginHos/bitwig-remote-p 3.7ms  |  BitwigPluginHos/bitwig-remote-p 3.4ms  |  BitwigStudio/BitwigStudio 3.0ms
18:54:10  BitwigStudio/X11RenderComman 6.2ms
18:54:10  BitwigStudio/X11RenderComman 5.0ms
18:54:10  BitwigStudio/X11RenderComman 6.2ms  |  BitwigPluginHos/bitwig-remote-p 3.5ms
18:54:10  BitwigPluginHos/bitwig-remote-p 6.1ms  |  BitwigStudio/X11RenderComman 5.8ms
18:54:10  BitwigPluginHos/bitwig-remote-p 6.4ms  |  BitwigStudio/X11RenderComman 5.4ms
18:54:11  BitwigStudio/X11RenderComman 4.4ms  |  yabridge-host.e/ProcessMonitor 4.1ms  |  BitwigStudio/BitwigStudio 3.2ms
18:54:11  BitwigStudio/X11RenderComman 5.8ms  |  BitwigStudio/BitwigStudio 3.1ms
18:54:11  BitwigStudio/X11RenderComman 4.7ms  |  yabridge-host.e/ProcessMonitor 3.2ms
18:54:11  BitwigStudio/X11RenderComman 4.4ms  |  yabridge-host.e/ProcessMonitor 3.2ms
18:54:11  BitwigStudio/X11RenderComman 4.5ms
18:54:11  BitwigStudio/X11RenderComman 4.6ms
18:54:11  BitwigStudio/X11RenderComman 4.6ms  |  BitwigStudio/BitwigStudio 3.0ms
18:54:11  BitwigPluginHos/bitwig-remote-p 5.6ms  |  BitwigStudio/X11RenderComman 4.4ms
18:54:11  BitwigPluginHos/bitwig-remote-p 6.3ms  |  BitwigStudio/X11RenderComman 4.7ms
18:54:12  BitwigStudio/X11RenderComman 5.7ms  |  BitwigPluginHos/bitwig-remote-p 4.8ms  |  BitwigStudio/BitwigStudio 3.1ms
18:54:12  BitwigPluginHos/bitwig-remote-p 5.4ms  |  BitwigStudio/X11RenderComman 5.4ms  |  BitwigStudio/BitwigStudio 3.1ms
18:54:12  BitwigStudio/X11RenderComman 5.8ms  |  BitwigPluginHos/bitwig-remote-p 4.6ms  |  yabridge-host.e/ProcessMonitor 3.1ms
18:54:12  BitwigStudio/X11RenderComman 5.5ms  |  BitwigPluginHos/bitwig-remote-p 3.7ms  |  BitwigStudio/BitwigStudio 3.7ms
18:54:12  BitwigStudio/X11RenderComman 5.3ms  |  BitwigPluginHos/bitwig-remote-p 3.5ms
18:54:12  BitwigPluginHos/bitwig-remote-p 6.6ms  |  BitwigPluginHos/bitwig-remote-p 5.9ms  |  BitwigStudio/X11RenderComman 5.1ms
18:54:12  BitwigStudio/X11RenderComman 5.4ms
18:54:12  BitwigStudio/X11RenderComman 5.8ms
18:54:12  BitwigStudio/X11RenderComman 4.9ms
18:54:12  BitwigStudio/X11RenderComman 5.3ms  |  BitwigPluginHos/bitwig-remote-p 3.6ms  |  BitwigStudio/BitwigStudio 3.1ms
18:54:13  BitwigStudio/X11RenderComman 5.3ms  |  BitwigPluginHos/bitwig-remote-p 3.0ms
18:54:13  BitwigStudio/X11RenderComman 4.9ms
18:54:13  BitwigPluginHos/bitwig-remote-p 5.8ms  |  BitwigStudio/X11RenderComman 5.1ms
18:54:13  BitwigPluginHos/bitwig-remote-p 6.7ms  |  BitwigStudio/X11RenderComman 5.4ms  |  yabridge-host.e/audio 3.7ms
18:54:13  BitwigPluginHos/bitwig-remote-p 5.8ms  |  BitwigStudio/X11RenderComman 4.7ms  |  yabridge-host.e/audio 3.6ms
18:54:13  BitwigStudio/X11RenderComman 5.4ms  |  yabridge-host.e/ProcessMonitor 3.3ms  |  yabridge-host.e/audio 3.3ms
18:54:13  BitwigStudio/X11RenderComman 5.1ms
18:54:13  BitwigStudio/X11RenderComman 5.1ms  |  yabridge-host.e/ProcessMonitor 3.5ms
18:54:13  BitwigStudio/X11RenderComman 5.3ms  |  yabridge-host.e/ProcessMonitor 3.1ms
18:54:14  BitwigStudio/X11RenderComman 5.5ms
18:54:14  BitwigStudio/X11RenderComman 5.9ms  |  yabridge-host.e/ProcessMonitor 3.3ms
18:54:14  BitwigStudio/X11RenderComman 5.5ms
18:54:14  BitwigStudio/X11RenderComman 6.3ms  |  BitwigPluginHos/bitwig-remote-p 3.1ms
18:54:14  BitwigPluginHos/bitwig-remote-p 6.9ms  |  BitwigStudio/X11RenderComman 5.5ms
18:54:14  BitwigPluginHos/bitwig-remote-p 6.5ms  |  BitwigStudio/X11RenderComman 5.5ms
18:54:14  BitwigStudio/X11RenderComman 6.3ms  |  BitwigPluginHos/bitwig-remote-p 3.3ms
18:54:14  BitwigPluginHos/bitwig-remote-p 5.9ms  |  BitwigStudio/X11RenderComman 5.2ms  |  yabridge-host.e/ProcessMonitor 3.6ms
18:54:14  BitwigStudio/X11RenderComman 5.0ms  |  BitwigPluginHos/bitwig-remote-p 4.0ms
18:54:14  BitwigStudio/X11RenderComman 5.1ms
18:54:15  BitwigStudio/X11RenderComman 4.7ms  |  BitwigPluginHos/bitwig-remote-p 3.0ms
18:54:15  BitwigStudio/X11RenderComman 5.5ms  |  BitwigStudio/BitwigStudio 3.3ms  |  BitwigPluginHos/bitwig-remote-p 3.1ms
18:54:15  BitwigStudio/X11RenderComman 5.0ms  |  BitwigPluginHos/bitwig-remote-p 4.7ms
18:54:15  BitwigPluginHos/bitwig-remote-p 6.0ms  |  BitwigStudio/X11RenderComman 4.9ms
18:54:15  BitwigStudio/X11RenderComman 5.5ms  |  BitwigPluginHos/bitwig-remote-p 5.3ms  |  BitwigStudio/BitwigStudio 3.0ms
18:54:15  BitwigStudio/X11RenderComman 5.4ms
18:54:15  BitwigPluginHos/bitwig-remote-p 5.7ms  |  BitwigStudio/X11RenderComman 5.4ms
18:54:15  BitwigPluginHos/bitwig-remote-p 6.3ms  |  BitwigStudio/X11RenderComman 5.3ms
18:54:15  BitwigPluginHos/bitwig-remote-p 6.4ms  |  BitwigStudio/X11RenderComman 4.4ms
18:54:16  BitwigStudio/X11RenderComman 5.2ms  |  BitwigPluginHos/bitwig-remote-p 4.5ms  |  BitwigStudio/BitwigStudio 3.2ms
18:54:16  BitwigStudio/X11RenderComman 4.6ms  |  BitwigStudio/BitwigStudio 3.3ms
18:54:16  BitwigStudio/X11RenderComman 5.3ms  |  yabridge-host.e/ProcessMonitor 3.3ms
18:54:16  BitwigStudio/X11RenderComman 5.0ms  |  yabridge-host.e/ProcessMonitor 3.0ms
18:54:16  BitwigStudio/X11RenderComman 5.1ms
18:54:16  BitwigStudio/X11RenderComman 4.9ms  |  BitwigPluginHos/bitwig-remote-p 4.6ms
18:54:16  BitwigStudio/X11RenderComman 4.9ms  |  yabridge-host.e/ProcessMonitor 3.2ms
18:54:16  BitwigStudio/X11RenderComman 5.9ms  |  BitwigStudio/BitwigStudio 3.7ms
18:54:16  BitwigStudio/X11RenderComman 5.1ms  |  BitwigStudio/BitwigStudio 3.4ms  |  BitwigPluginHos/bitwig-remote-p 3.0ms
18:54:16  BitwigStudio/X11RenderComman 5.1ms
18:54:17  BitwigStudio/X11RenderComman 5.6ms
18:54:17  BitwigPluginHos/bitwig-remote-p 5.9ms  |  BitwigStudio/X11RenderComman 5.3ms
18:54:17  BitwigPluginHos/bitwig-remote-p 6.1ms  |  BitwigStudio/X11RenderComman 4.6ms  |  yabridge-host.e/ProcessMonitor 3.3ms
18:54:17  BitwigStudio/X11RenderComman 6.0ms  |  BitwigPluginHos/bitwig-remote-p 5.9ms  |  BitwigStudio/BitwigStudio 3.4ms
18:54:17  BitwigPluginHos/bitwig-remote-p 6.9ms  |  BitwigPluginHos/bitwig-remote-p 6.6ms  |  BitwigStudio/X11RenderComman 5.0ms
18:54:17  BitwigStudio/ZWorkerOld#3 12.2ms  |  BitwigPluginHos/bitwig-remote-p 6.7ms  |  BitwigStudio/X11RenderComman 5.7ms  |  BitwigPluginHos/bitwig-remote-p 5.2ms
18:54:17  BitwigStudio/ZWorkerOld#3 55.3ms  |  BitwigStudio/X11RenderComman 6.0ms  |  BitwigStudio/BitwigStudio 3.3ms
18:54:17  BitwigStudio/X11RenderComman 4.9ms
18:54:17  BitwigStudio/X11RenderComman 4.8ms  |  BitwigPluginHos/bitwig-remote-p 3.5ms  |  BitwigStudio/BitwigStudio 3.2ms
18:54:18  BitwigPluginHos/bitwig-remote-p 5.5ms  |  BitwigStudio/X11RenderComman 5.1ms
18:54:18  BitwigStudio/X11RenderComman 6.0ms  |  BitwigPluginHos/bitwig-remote-p 4.8ms
18:54:18  BitwigStudio/X11RenderComman 4.8ms  |  BitwigPluginHos/bitwig-remote-p 4.0ms
18:54:18  BitwigStudio/X11RenderComman 5.3ms
18:54:18  BitwigStudio/X11RenderComman 4.9ms
18:54:18  BitwigStudio/X11RenderComman 5.2ms  |  yabridge-host.e/ProcessMonitor 3.6ms
18:54:18  BitwigStudio/X11RenderComman 4.8ms  |  BitwigStudio/BitwigStudio 3.0ms
18:54:18  BitwigStudio/X11RenderComman 5.1ms  |  yabridge-host.e/ProcessMonitor 3.1ms
18:54:18  BitwigStudio/X11RenderComman 5.3ms  |  yabridge-host.e/ProcessMonitor 3.1ms  |  BitwigStudio/BitwigStudio 3.1ms
18:54:19  BitwigStudio/X11RenderComman 4.6ms
18:54:19  BitwigStudio/X11RenderComman 5.6ms  |  BitwigStudio/BitwigStudio 4.2ms  |  yabridge-host.e/ProcessMonitor 3.0ms
18:54:19  BitwigStudio/X11RenderComman 5.0ms
18:54:19  BitwigStudio/X11RenderComman 4.9ms
18:54:19  BitwigStudio/X11RenderComman 5.8ms  |  yabridge-host.e/ProcessMonitor 3.3ms
18:54:19  BitwigStudio/X11RenderComman 4.4ms
18:54:19  BitwigStudio/X11RenderComman 4.8ms  |  BitwigStudio/BitwigStudio 3.5ms
18:54:19  BitwigStudio/X11RenderComman 5.3ms  |  BitwigStudio/BitwigStudio 3.6ms  |  yabridge-host.e/ProcessMonitor 3.5ms  |  BitwigPluginHos/bitwig-remote-p 3.4ms
18:54:19  BitwigStudio/X11RenderComman 5.5ms
18:54:19  BitwigStudio/X11RenderComman 5.1ms  |  BitwigStudio/BitwigStudio 3.9ms
18:54:20  BitwigStudio/X11RenderComman 5.8ms  |  BitwigStudio/BitwigStudio 3.4ms
18:54:20  BitwigStudio/X11RenderComman 6.9ms
18:54:20  BitwigStudio/X11RenderComman 6.0ms
18:54:20  BitwigPluginHos/bitwig-remote-p 6.0ms  |  BitwigStudio/X11RenderComman 4.8ms
18:54:20  BitwigStudio/X11RenderComman 5.2ms  |  BitwigPluginHos/bitwig-remote-p 4.0ms
18:54:20  BitwigStudio/X11RenderComman 4.5ms
18:54:20  BitwigStudio/X11RenderComman 4.8ms
18:54:20  BitwigPluginHos/bitwig-remote-p 6.4ms  |  BitwigStudio/X11RenderComman 5.0ms  |  BitwigPluginHos/bitwig-remote-p 4.5ms
18:54:20  BitwigPluginHos/bitwig-remote-p 7.0ms  |  BitwigPluginHos/bitwig-remote-p 6.9ms  |  BitwigStudio/X11RenderComman 5.4ms  |  BitwigStudio/BitwigStudio 3.1ms
18:54:21  BitwigPluginHos/bitwig-remote-p 6.9ms  |  BitwigStudio/X11RenderComman 4.9ms  |  BitwigStudio/BitwigStudio 3.0ms
18:54:21  BitwigPluginHos/bitwig-remote-p 6.1ms  |  BitwigStudio/X11RenderComman 5.6ms  |  yabridge-host.e/ProcessMonitor 3.3ms
18:54:21  BitwigPluginHos/bitwig-remote-p 5.7ms  |  BitwigStudio/X11RenderComman 5.3ms  |  yabridge-host.e/ProcessMonitor 3.1ms
18:54:21  BitwigStudio/X11RenderComman 5.8ms  |  yabridge-host.e/ProcessMonitor 3.7ms
18:54:21  BitwigStudio/X11RenderComman 5.7ms  |  BitwigStudio/BitwigStudio 3.3ms
18:54:21  BitwigStudio/X11RenderComman 5.5ms  |  BitwigStudio/BitwigStudio 3.5ms
18:54:21  BitwigStudio/X11RenderComman 5.4ms  |  yabridge-host.e/ProcessMonitor 3.5ms
18:54:21  BitwigStudio/X11RenderComman 5.5ms  |  BitwigPluginHos/bitwig-remote-p 4.5ms
18:54:21  BitwigStudio/X11RenderComman 5.0ms  |  yabridge-host.e/ProcessMonitor 3.4ms
18:54:21  BitwigStudio/X11RenderComman 5.5ms
18:54:22  BitwigStudio/X11RenderComman 5.6ms  |  BitwigStudio/BitwigStudio 3.0ms
18:54:22  BitwigStudio/X11RenderComman 5.2ms  |  BitwigPluginHos/bitwig-remote-p 3.7ms
18:54:22  BitwigStudio/X11RenderComman 5.1ms  |  yabridge-host.e/ProcessMonitor 3.1ms
18:54:22  BitwigStudio/X11RenderComman 5.0ms
18:54:22  BitwigStudio/X11RenderComman 4.5ms
18:54:22  BitwigStudio/X11RenderComman 4.8ms  |  BitwigStudio/BitwigStudio 3.0ms
18:54:22  BitwigStudio/X11RenderComman 5.9ms
18:54:22  BitwigStudio/X11RenderComman 5.3ms
18:54:22  BitwigStudio/X11RenderComman 5.5ms
18:54:23  BitwigStudio/X11RenderComman 4.8ms
18:54:23  BitwigPluginHos/bitwig-remote-p 6.0ms  |  BitwigStudio/X11RenderComman 5.1ms
18:54:23  BitwigStudio/X11RenderComman 5.5ms  |  BitwigPluginHos/bitwig-remote-p 4.2ms
18:54:23  BitwigStudio/X11RenderComman 5.1ms
18:54:23  BitwigPluginHos/bitwig-remote-p 5.9ms  |  BitwigPluginHos/bitwig-remote-p 5.3ms  |  BitwigStudio/X11RenderComman 5.1ms  |  BitwigAudioEngi/data-loop.0 3.5ms
18:54:23  BitwigStudio/X11RenderComman 5.2ms  |  BitwigPluginHos/bitwig-remote-p 3.7ms  |  BitwigPluginHos/bitwig-remote-p 3.7ms  |  yabridge-host.e/ProcessMonitor 3.3ms
18:54:23  BitwigPluginHos/bitwig-remote-p 6.4ms  |  BitwigStudio/X11RenderComman 4.8ms
18:54:23  BitwigPluginHos/bitwig-remote-p 5.0ms  |  BitwigStudio/X11RenderComman 4.8ms  |  yabridge-host.e/ProcessMonitor 3.3ms  |  BitwigPluginHos/bitwig-remote-p 3.2ms
18:54:23  BitwigStudio/X11RenderComman 5.8ms  |  BitwigPluginHos/bitwig-remote-p 4.8ms
18:54:23  BitwigStudio/X11RenderComman 5.0ms
18:54:24  BitwigStudio/X11RenderComman 5.6ms
18:54:24  BitwigStudio/X11RenderComman 5.4ms  |  yabridge-host.e/ProcessMonitor 3.2ms
18:54:24  BitwigStudio/X11RenderComman 5.6ms
18:54:24  BitwigStudio/X11RenderComman 5.1ms  |  yabridge-host.e/ProcessMonitor 3.5ms
18:54:24  BitwigStudio/X11RenderComman 5.3ms  |  BitwigPluginHos/bitwig-remote-p 4.0ms  |  BitwigStudio/BitwigStudio 3.2ms
18:54:24  BitwigStudio/X11RenderComman 5.4ms  |  BitwigPluginHos/bitwig-remote-p 3.1ms  |  BitwigStudio/BitwigStudio 3.0ms
18:54:24  BitwigStudio/X11RenderComman 5.0ms  |  yabridge-host.e/ProcessMonitor 3.1ms
18:54:24  BitwigStudio/X11RenderComman 6.0ms  |  BitwigStudio/BitwigStudio 3.1ms  |  yabridge-host.e/ProcessMonitor 3.1ms
18:54:24  BitwigStudio/X11RenderComman 5.8ms  |  BitwigStudio/BitwigStudio 3.1ms
18:54:25  BitwigStudio/X11RenderComman 4.8ms
18:54:25  BitwigStudio/X11RenderComman 5.4ms
18:54:25  BitwigStudio/X11RenderComman 4.9ms
18:54:25  BitwigStudio/X11RenderComman 4.7ms  |  BitwigPluginHos/bitwig-remote-p 3.2ms
18:54:25  BitwigStudio/X11RenderComman 5.6ms
18:54:25  BitwigStudio/X11RenderComman 5.0ms
18:54:25  BitwigPluginHos/bitwig-remote-p 6.9ms  |  BitwigStudio/X11RenderComman 4.5ms
18:54:25  BitwigPluginHos/bitwig-remote-p 6.5ms  |  BitwigStudio/X11RenderComman 4.6ms
18:54:25  BitwigPluginHos/bitwig-remote-p 6.4ms  |  BitwigStudio/X11RenderComman 5.1ms
18:54:25  BitwigStudio/X11RenderComman 4.2ms  |  BitwigPluginHos/bitwig-remote-p 4.2ms  |  BitwigPluginHos/bitwig-remote-p 3.9ms
18:54:26  BitwigPluginHos/bitwig-remote-p 6.3ms  |  BitwigStudio/X11RenderComman 5.3ms  |  yabridge-host.e/ProcessMonitor 3.4ms
18:54:26  BitwigPluginHos/bitwig-remote-p 6.9ms  |  BitwigStudio/X11RenderComman 5.1ms
18:54:26  BitwigPluginHos/bitwig-remote-p 6.5ms  |  BitwigStudio/X11RenderComman 4.7ms  |  yabridge-host.e/ProcessMonitor 3.2ms
18:54:26  BitwigStudio/X11RenderComman 5.8ms  |  BitwigStudio/BitwigStudio 3.0ms
18:54:26  BitwigStudio/X11RenderComman 4.8ms
18:54:26  BitwigStudio/X11RenderComman 5.7ms
18:54:26  BitwigStudio/X11RenderComman 5.4ms  |  BitwigPluginHos/bitwig-remote-p 3.4ms
18:54:26  BitwigPluginHos/bitwig-remote-p 6.6ms  |  BitwigStudio/X11RenderComman 5.4ms
18:54:26  BitwigPluginHos/bitwig-remote-p 6.6ms  |  BitwigStudio/X11RenderComman 5.0ms  |  yabridge-host.e/ProcessMonitor 3.3ms  |  BitwigPluginHos/bitwig-remote-p 3.1ms
18:54:27  BitwigPluginHos/bitwig-remote-p 6.0ms  |  BitwigStudio/X11RenderComman 5.3ms
18:54:27  BitwigStudio/X11RenderComman 4.8ms
18:54:27  BitwigStudio/X11RenderComman 5.0ms  |  yabridge-host.e/ProcessMonitor 3.3ms  |  yabridge-host.e/ProcessMonitor 3.1ms
18:54:27  BitwigStudio/X11RenderComman 5.0ms  |  BitwigPluginHos/bitwig-remote-p 3.9ms
18:54:27  BitwigStudio/X11RenderComman 5.3ms  |  BitwigPluginHos/bitwig-remote-p 3.6ms
18:54:27  BitwigStudio/X11RenderComman 4.7ms  |  BitwigPluginHos/bitwig-remote-p 3.1ms
18:54:27  BitwigStudio/X11RenderComman 4.9ms
18:54:27  BitwigPluginHos/bitwig-remote-p 5.7ms  |  BitwigStudio/X11RenderComman 4.7ms
18:54:27  BitwigStudio/X11RenderComman 4.5ms  |  BitwigPluginHos/bitwig-remote-p 4.4ms  |  yabridge-host.e/audio 3.7ms
18:54:27  BitwigPluginHos/bitwig-remote-p 6.7ms  |  BitwigStudio/X11RenderComman 4.7ms
18:54:28  BitwigStudio/X11RenderComman 4.6ms  |  BitwigPluginHos/bitwig-remote-p 4.5ms  |  BitwigStudio/BitwigStudio 3.2ms
18:54:28  BitwigStudio/X11RenderComman 4.7ms
18:54:28  BitwigStudio/X11RenderComman 4.5ms  |  BitwigPluginHos/bitwig-remote-p 4.1ms  |  BitwigStudio/BitwigStudio 3.6ms  |  BitwigPluginHos/bitwig-remote-p 3.3ms
18:54:28  BitwigPluginHos/bitwig-remote-p 7.3ms  |  BitwigStudio/X11RenderComman 4.9ms  |  BitwigStudio/BitwigStudio 3.1ms
18:54:28  BitwigPluginHos/bitwig-remote-p 6.9ms  |  BitwigStudio/X11RenderComman 4.4ms
18:54:28  BitwigPluginHos/bitwig-remote-p 5.8ms  |  BitwigStudio/X11RenderComman 4.9ms  |  BitwigAudioEngi/data-loop.0 4.8ms  |  BitwigPluginHos/bitwig-remote-p 4.6ms
18:54:28  BitwigPluginHos/bitwig-remote-p 6.2ms  |  BitwigPluginHos/bitwig-remote-p 5.9ms  |  BitwigStudio/X11RenderComman 4.8ms  |  BitwigPluginHos/bitwig-remote-p 3.1ms
18:54:28  BitwigPluginHos/bitwig-remote-p 5.7ms  |  BitwigStudio/X11RenderComman 5.3ms  |  BitwigPluginHos/bitwig-remote-p 5.0ms  |  yabridge-host.e/ProcessMonitor 3.4ms
18:54:28  BitwigStudio/X11RenderComman 4.7ms
18:54:29  BitwigStudio/X11RenderComman 4.7ms
18:54:29  BitwigStudio/X11RenderComman 5.0ms  |  yabridge-host.e/ProcessMonitor 3.4ms
18:54:29  BitwigStudio/X11RenderComman 5.3ms  |  BitwigStudio/BitwigStudio 3.1ms
18:54:29  BitwigPluginHos/bitwig-remote-p 5.0ms  |  BitwigStudio/X11RenderComman 4.7ms
18:54:29  BitwigPluginHos/bitwig-remote-p 6.8ms  |  BitwigStudio/X11RenderComman 4.1ms  |  BitwigPluginHos/bitwig-remote-p 3.7ms  |  yabridge-host.e/ProcessMonitor 3.2ms
18:54:29  BitwigPluginHos/bitwig-remote-p 5.7ms  |  BitwigStudio/X11RenderComman 5.0ms
18:54:29  BitwigStudio/X11RenderComman 5.1ms  |  yabridge-host.e/ProcessMonitor 3.2ms
18:54:29  BitwigStudio/X11RenderComman 4.6ms  |  BitwigPluginHos/bitwig-remote-p 4.0ms
18:54:29  BitwigPluginHos/bitwig-remote-p 6.0ms  |  BitwigStudio/X11RenderComman 4.1ms
18:54:29  BitwigStudio/X11RenderComman 4.5ms  |  BitwigPluginHos/bitwig-remote-p 4.1ms  |  BitwigStudio/BitwigStudio 4.0ms
18:54:30  BitwigStudio/X11RenderComman 4.3ms  |  BitwigStudio/BitwigStudio 3.6ms
18:54:30  BitwigStudio/X11RenderComman 4.9ms  |  BitwigStudio/BitwigStudio 3.5ms
18:54:30  BitwigStudio/X11RenderComman 5.6ms
18:54:30  BitwigStudio/X11RenderComman 4.7ms
18:54:30  BitwigPluginHos/bitwig-remote-p 7.0ms  |  BitwigStudio/X11RenderComman 4.2ms
18:54:30  BitwigStudio/X11RenderComman 5.1ms
18:54:30  BitwigStudio/X11RenderComman 4.8ms
